Date,Category,Amount,Payment_Mode,Month
1/1/2024,Transport,3279.0,Cash,May
1/2/2024,Entertainment,2080.0,Card,December
1/2/2024,Transport,3217.0,Online,December
1/2/2024,Utilities,1054.0,Online,May
1/5/2024,Food,13249.0,Cash,December
1/5/2024,Entertainment,14800.0,Cash,January
1/8/2024,Shopping,10856.0,Online,April
1/9/2024,Shopping,3630.0,Card,January
1/9/2024,Rent,9227.0,Online,March
1/10/2024,Food,2765.0,Online,July
1/12/2024,Rent,7214.0,Cash,September
1/12/2024,Health,5572.0,Card,November
1/14/2024,Utilities,11452.0,Card,March
1/15/2024,Food,9539.0,Cash,January
1/15/2024,Rent,2483.0,Online,November
1/16/2024,Food,12975.0,Card,April
1/17/2024,Entertainment,7157.0,Online,March
1/18/2024,Transport,6395.0,Card,May
1/19/2024,Transport,10682.0,Online,November
1/20/2024,Entertainment,2465.0,Card,December
1/21/2024,Entertainment,10400.0,Cash,May
1/21/2024,Transport,12547.0,Online,June
1/22/2024,Rent,2365.0,Online,January
1/22/2024,Rent,7394.0,Card,July
1/23/2024,Transport,13769.0,Cash,November
1/25/2024,Entertainment,12857.0,Cash,January
1/27/2024,Food,1660.0,Online,November
1/28/2024,Shopping,9054.0,Online,August
1/28/2024,Shopping,7661.0,Cash,April
1/29/2024,Health,10137.0,Online,July
2/2/2024,Entertainment,999.0,Cash,January
2/2/2024,Shopping,4098.0,Online,October
2/4/2024,Shopping,9647.0,Card,June
2/4/2024,Health,4214.0,Online,September
2/5/2024,Entertainment,14836.0,Card,January
2/5/2024,Entertainment,11344.0,Card,December
2/6/2024,Utilities,2820.0,Cash,February
2/6/2024,Rent,6336.0,Card,July
2/6/2024,Entertainment,6328.0,Card,May
2/7/2024,Health,13261.0,Card,August
2/8/2024,Food,5799.0,Cash,April
2/8/2024,Health,13181.0,Online,January
2/8/2024,Food,10833.0,Online,November
2/10/2024,Shopping,2528.0,Online,September
2/10/2024,Shopping,12813.0,Card,November
2/10/2024,Health,4411.0,Online,December
2/11/2024,Entertainment,6994.0,Online,January
2/12/2024,Food,10924.0,Online,November
2/15/2024,Utilities,9374.0,Online,October
2/16/2024,Food,6394.0,Online,November
2/16/2024,Shopping,10652.0,Cash,August
2/16/2024,Entertainment,5799.0,Card,November
2/17/2024,Health,10421.0,Cash,March
2/18/2024,Shopping,3765.0,Cash,August
2/20/2024,Food,8319.0,Online,May
2/22/2024,Health,5824.0,Card,September
2/22/2024,Utilities,6673.0,Online,August
2/22/2024,Utilities,11403.0,Card,August
2/23/2024,Rent,12070.0,Card,December
2/23/2024,Utilities,12336.0,Card,July
2/27/2024,Health,1490.0,Cash,July
2/27/2024,Entertainment,245.0,Online,September
2/27/2024,Utilities,1200.0,Card,April
2/27/2024,Rent,9335.0,Card,September
2/28/2024,Transport,3945.0,Online,July
3/2/2024,Shopping,11656.0,Online,August
3/3/2024,Utilities,12743.0,Cash,August
3/5/2024,Rent,2239.0,Cash,November
3/9/2024,Utilities,12711.0,Card,May
3/9/2024,Shopping,12215.0,Card,January
3/10/2024,Utilities,109.0,Online,December
3/12/2024,Food,10333.0,Online,August
3/14/2024,Food,1386.0,Card,January
3/15/2024,Health,12381.0,Card,February
3/16/2024,Utilities,8312.0,Online,June
3/16/2024,Rent,12160.0,Online,September
3/20/2024,Health,4458.0,Card,March
3/21/2024,Transport,12908.0,Card,February
3/21/2024,Entertainment,1033.0,Cash,May
3/26/2024,Shopping,11483.0,Cash,April
3/26/2024,Entertainment,6670.0,Card,February
3/28/2024,Health,13713.0,Card,May
3/30/2024,Entertainment,14584.0,Cash,May
3/30/2024,Entertainment,14832.0,Cash,May
3/31/2024,Health,1172.0,Cash,March
4/1/2024,Rent,1740.0,Card,January
4/1/2024,Food,8421.0,Cash,September
4/3/2024,Food,6627.0,Cash,October
4/5/2024,Entertainment,4393.0,Cash,September
4/5/2024,Entertainment,7159.0,Card,October
4/5/2024,Shopping,11181.0,Online,February
4/8/2024,Food,11630.0,Card,January
4/8/2024,Transport,9046.0,Cash,November
4/8/2024,Health,12629.0,Online,July
4/8/2024,Health,394.0,Card,May
4/8/2024,Shopping,7105.0,Online,January
4/8/2024,Food,13176.0,Cash,March
4/8/2024,Entertainment,13716.0,Card,April
4/9/2024,Utilities,12165.0,Cash,June
4/9/2024,Rent,8302.0,Cash,September
4/12/2024,Shopping,3532.0,Online,October
4/12/2024,Shopping,4594.0,Cash,January
4/13/2024,Food,629.0,Card,September
4/13/2024,Health,1809.0,Card,September
4/15/2024,Transport,1074.0,Cash,December
4/15/2024,Health,6216.0,Card,September
4/16/2024,Health,10526.0,Online,December
4/18/2024,Transport,3710.0,Online,February
4/21/2024,Transport,205.0,Card,July
4/22/2024,Food,11803.0,Online,October
4/22/2024,Rent,5726.0,Card,March
4/22/2024,Food,11525.0,Online,February
4/24/2024,Transport,8289.0,Card,June
4/25/2024,Health,10269.0,Card,November
4/26/2024,Entertainment,9260.0,Online,June
4/26/2024,Health,1056.0,Online,December
4/27/2024,Transport,12120.0,Card,August
4/29/2024,Food,9947.0,Online,July
4/29/2024,Health,2049.0,Online,January
5/1/2024,Transport,2575.0,Card,September
5/1/2024,Rent,9230.0,Cash,January
5/2/2024,Entertainment,6442.0,Cash,March
5/3/2024,Utilities,12257.0,Online,October
5/4/2024,Entertainment,13860.0,Online,February
5/5/2024,Utilities,12437.0,Online,February
5/6/2024,Food,10673.0,Cash,April
5/7/2024,Utilities,1055.0,Cash,December
5/8/2024,Entertainment,2704.0,Card,August
5/9/2024,Rent,5279.0,Card,January
5/10/2024,Food,6468.0,Cash,June
5/10/2024,Food,14661.0,Card,July
5/10/2024,Utilities,10401.0,Card,June
5/11/2024,Food,4716.0,Online,March
5/12/2024,Food,5639.0,Card,April
5/13/2024,Health,10929.0,Online,May
5/14/2024,Transport,2819.0,Online,October
5/14/2024,Entertainment,10346.0,Card,September
5/18/2024,Utilities,4386.0,Online,December
5/22/2024,Food,14723.0,Online,August
5/22/2024,Utilities,3255.0,Cash,March
5/23/2024,Food,10545.0,Online,March
5/23/2024,Rent,4246.0,Cash,April
5/23/2024,Health,8664.0,Card,April
5/23/2024,Food,13499.0,Online,July
5/24/2024,Transport,5391.0,Cash,June
5/26/2024,Food,8686.0,Online,May
5/27/2024,Health,13475.0,Cash,December
5/28/2024,Food,14214.0,Cash,June
5/29/2024,Transport,5643.0,Online,June
5/30/2024,Health,7251.0,Cash,April
5/30/2024,Rent,2143.0,Online,February
5/31/2024,Health,14156.0,Cash,May
6/1/2024,Health,1995.0,Cash,August
6/2/2024,Health,9500.0,Cash,July
6/3/2024,Transport,12573.0,Cash,February
6/5/2024,Rent,7414.0,Cash,March
6/6/2024,Shopping,8603.0,Online,October
6/8/2024,Rent,9005.0,Cash,July
6/8/2024,Utilities,14387.0,Online,November
6/8/2024,Health,9177.0,Cash,August
6/9/2024,Transport,9679.0,Online,April
6/9/2024,Entertainment,5483.0,Card,July
6/9/2024,Entertainment,7374.0,Cash,December
6/10/2024,Transport,12841.0,Cash,July
6/11/2024,Health,9973.0,Online,July
6/11/2024,Food,3244.0,Cash,May
6/13/2024,Health,9700.0,Online,July
6/15/2024,Shopping,4915.0,Card,January
6/15/2024,Health,12361.0,Card,August
6/16/2024,Health,13075.0,Online,November
6/16/2024,Entertainment,8736.0,Card,March
6/18/2024,Rent,6541.0,Online,May
6/19/2024,Entertainment,14959.0,Card,April
6/20/2024,Shopping,761.0,Cash,May
6/21/2024,Rent,6774.0,Online,August
6/21/2024,Rent,5116.0,Cash,April
6/22/2024,Transport,2459.0,Online,November
6/24/2024,Food,11206.0,Online,June
6/25/2024,Shopping,5545.0,Card,September
6/26/2024,Health,9877.0,Cash,September
6/28/2024,Shopping,5338.0,Online,June
6/29/2024,Rent,13743.0,Online,November
6/30/2024,Entertainment,6395.0,Online,May
7/2/2024,Transport,14423.0,Card,November
7/4/2024,Utilities,13567.0,Card,February
7/5/2024,Entertainment,13647.0,Card,January
7/6/2024,Shopping,14160.0,Card,October
7/7/2024,Entertainment,8567.0,Card,February
7/8/2024,Food,11286.0,Cash,June
7/8/2024,Health,11462.0,Cash,October
7/8/2024,Shopping,8953.0,Cash,December
7/8/2024,Transport,12140.0,Online,December
7/8/2024,Transport,10338.0,Cash,August
7/9/2024,Transport,1056.0,Cash,January
7/9/2024,Food,2952.0,Cash,June
7/10/2024,Utilities,8079.0,Online,June
7/10/2024,Shopping,6159.0,Card,January
7/10/2024,Utilities,3664.0,Cash,February
7/12/2024,Utilities,12249.0,Online,March
7/13/2024,Rent,558.0,Card,December
7/14/2024,Entertainment,9916.0,Online,June
7/14/2024,Entertainment,9572.0,Online,June
7/16/2024,Transport,4573.0,Cash,August
7/19/2024,Food,11636.0,Cash,August
7/19/2024,Health,2917.0,Card,January
7/19/2024,Utilities,6606.0,Online,November
7/20/2024,Utilities,8328.0,Cash,August
7/21/2024,Food,3733.0,Card,June
7/21/2024,Utilities,9869.0,Card,May
7/22/2024,Rent,2069.0,Cash,September
7/24/2024,Health,12557.0,Cash,November
7/25/2024,Food,5452.0,Card,September
7/26/2024,Rent,101.0,Online,November
7/31/2024,Rent,12198.0,Online,September
8/2/2024,Rent,12389.0,Online,October
8/2/2024,Transport,906.0,Cash,July
8/4/2024,Transport,4030.0,Card,April
8/4/2024,Food,10239.0,Cash,October
8/4/2024,Food,12268.0,Cash,August
8/5/2024,Shopping,991.0,Card,September
8/5/2024,Health,13062.0,Cash,November
8/7/2024,Rent,3156.0,Card,April
8/7/2024,Entertainment,13705.0,Card,September
8/7/2024,Shopping,3373.0,Cash,March
8/7/2024,Shopping,4744.0,Online,January
8/10/2024,Health,10766.0,Card,December
8/10/2024,Utilities,7411.0,Card,October
8/12/2024,Health,6735.0,Card,April
8/12/2024,Shopping,10798.0,Online,March
8/12/2024,Rent,1198.0,Online,September
8/13/2024,Health,13712.0,Card,September
8/14/2024,Shopping,3141.0,Cash,July
8/14/2024,Rent,13386.0,Online,May
8/16/2024,Shopping,12300.0,Cash,October
8/17/2024,Shopping,3754.0,Online,April
8/17/2024,Food,4209.0,Card,September
8/18/2024,Food,12291.0,Cash,April
8/18/2024,Health,13118.0,Cash,December
8/18/2024,Rent,14970.0,Online,March
8/20/2024,Health,2996.0,Card,June
8/20/2024,Utilities,1341.0,Card,June
8/20/2024,Food,6147.0,Cash,August
8/20/2024,Health,6670.0,Online,April
8/21/2024,Food,1923.0,Online,December
8/22/2024,Rent,10928.0,Online,November
8/24/2024,Transport,9300.0,Card,August
8/28/2024,Transport,377.0,Cash,February
8/29/2024,Entertainment,732.0,Online,March
8/29/2024,Food,10668.0,Online,November
8/30/2024,Utilities,4669.0,Cash,November
8/31/2024,Food,2566.0,Cash,December
9/2/2024,Health,8004.0,Card,August
9/3/2024,Transport,12604.0,Online,October
9/3/2024,Health,8882.0,Cash,July
9/7/2024,Food,10394.0,Cash,October
9/8/2024,Food,9616.0,Card,July
9/8/2024,Health,13371.0,Cash,September
9/9/2024,Shopping,1036.0,Online,January
9/9/2024,Shopping,13853.0,Cash,June
9/9/2024,Health,2171.0,Cash,April
9/9/2024,Utilities,12881.0,Card,August
9/9/2024,Food,14594.0,Cash,September
9/10/2024,Food,10091.0,Card,August
9/10/2024,Rent,13721.0,Online,October
9/10/2024,Food,12530.0,Card,January
9/12/2024,Utilities,10626.0,Online,May
9/12/2024,Health,3553.0,Cash,March
9/14/2024,Shopping,5009.0,Online,June
9/15/2024,Transport,14152.0,Card,January
9/15/2024,Entertainment,14388.0,Online,June
9/19/2024,Health,313.0,Online,August
9/20/2024,Utilities,10285.0,Cash,November
9/21/2024,Health,506.0,Card,August
9/24/2024,Health,12318.0,Card,August
9/24/2024,Utilities,5804.0,Online,November
9/25/2024,Food,3278.0,Card,May
9/26/2024,Food,3120.0,Card,November
9/27/2024,Food,9255.0,Cash,March
9/27/2024,Health,5168.0,Card,April
9/28/2024,Rent,4685.0,Online,February
9/29/2024,Transport,5352.0,Online,October
9/30/2024,Health,4976.0,Cash,February
10/3/2024,Rent,3489.0,Card,July
10/3/2024,Utilities,1366.0,Online,January
10/3/2024,Shopping,11693.0,Online,March
10/3/2024,Shopping,2975.0,Card,February
10/5/2024,Rent,10793.0,Card,December
10/6/2024,Shopping,6159.0,Cash,May
10/6/2024,Rent,6178.0,Online,October
10/9/2024,Utilities,11901.0,Cash,February
10/9/2024,Entertainment,11248.0,Cash,December
10/10/2024,Transport,9041.0,Card,September
10/11/2024,Utilities,9210.0,Cash,December
10/11/2024,Shopping,3330.0,Online,December
10/14/2024,Utilities,11271.0,Online,March
10/15/2024,Transport,656.0,Online,May
10/15/2024,Rent,9306.0,Online,August
10/20/2024,Rent,1059.0,Card,October
10/22/2024,Shopping,417.0,Online,August
10/24/2024,Entertainment,13803.0,Cash,June
10/27/2024,Entertainment,3197.0,Card,September
10/28/2024,Transport,9194.0,Card,May
10/28/2024,Transport,11973.0,Cash,March
10/30/2024,Shopping,8883.0,Cash,February
10/31/2024,Entertainment,1225.0,Card,April
10/31/2024,Food,7162.0,Card,March
11/4/2024,Food,14999.0,Card,April
11/9/2024,Rent,4655.0,Card,January
11/9/2024,Health,924.0,Cash,April
11/11/2024,Transport,10322.0,Online,December
11/11/2024,Shopping,1835.0,Card,January
11/13/2024,Food,2944.0,Card,August
11/16/2024,Rent,1625.0,Online,August
11/18/2024,Rent,6775.0,Online,March
11/18/2024,Food,5731.0,Cash,July
11/20/2024,Transport,402.0,Online,May
11/21/2024,Food,1975.0,Cash,August
11/22/2024,Transport,9535.0,Cash,April
11/25/2024,Transport,10206.0,Card,February
11/26/2024,Entertainment,9755.0,Card,December
11/26/2024,Entertainment,8320.0,Online,August
12/1/2024,Shopping,10155.0,Card,November
12/3/2024,Entertainment,2025.0,Online,February
12/3/2024,Transport,1489.0,Online,February
12/3/2024,Transport,13734.0,Online,April
12/4/2024,Utilities,5595.0,Online,October
12/5/2024,Health,1390.0,Card,May
12/5/2024,Entertainment,2528.0,Online,May
12/6/2024,Entertainment,10325.0,Online,March
12/7/2024,Transport,11122.0,Card,November
12/7/2024,Rent,6384.0,Cash,July
12/7/2024,Rent,12688.0,Online,October
12/9/2024,Entertainment,462.0,Card,May
12/9/2024,Entertainment,5790.0,Online,February
12/11/2024,Shopping,2533.0,Online,May
12/11/2024,Utilities,2033.0,Online,July
12/11/2024,Shopping,9868.0,Online,February
12/11/2024,Rent,2025.0,Card,July
12/13/2024,Health,7913.0,Cash,January
12/13/2024,Entertainment,730.0,Cash,September
12/13/2024,Rent,3710.0,Online,November
12/14/2024,Health,8812.0,Card,July
12/14/2024,Utilities,13618.0,Online,July
12/15/2024,Transport,6756.0,Online,January
12/19/2024,Shopping,3914.0,Card,January
12/22/2024,Entertainment,7619.0,Online,December
12/23/2024,Transport,807.0,Cash,October
12/24/2024,Utilities,7366.0,Cash,November
12/26/2024,Shopping,9876.0,Cash,July
12/30/2024,Utilities,14994.0,Card,May
12/30/2024,Food,13358.0,Card,June
1/1/2025,Food,13339.0,Cash,September
1/1/2025,Shopping,9006.0,Cash,March
1/3/2025,Transport,6571.0,Online,April
1/3/2025,Transport,1087.0,Online,September
1/4/2025,Utilities,6152.0,Cash,October
1/7/2025,Health,5201.0,Online,June
1/7/2025,Rent,11707.0,Online,August
1/7/2025,Shopping,5151.0,Cash,April
1/7/2025,Utilities,11263.0,Cash,January
1/8/2025,Transport,3193.0,Cash,October
1/9/2025,Entertainment,614.0,Cash,January
1/10/2025,Transport,2290.0,Online,November
1/11/2025,Food,14394.0,Cash,May
1/13/2025,Shopping,9117.0,Card,August
1/14/2025,Rent,8225.0,Cash,June
1/14/2025,Transport,1412.0,Cash,December
1/18/2025,Utilities,5343.0,Online,January
1/19/2025,Transport,2355.0,Cash,January
1/19/2025,Utilities,12957.0,Cash,November
1/20/2025,Health,9176.0,Cash,April
1/20/2025,Utilities,14364.0,Online,November
1/20/2025,Utilities,4832.0,Cash,April
1/21/2025,Health,13798.0,Cash,September
1/21/2025,Entertainment,1349.0,Online,September
1/22/2025,Health,9710.0,Online,September
1/22/2025,Rent,7387.0,Online,January
1/24/2025,Health,11911.0,Cash,June
1/24/2025,Transport,9275.0,Cash,June
1/26/2025,Rent,2530.0,Card,November
1/26/2025,Rent,4895.0,Online,April
1/27/2025,Shopping,1068.0,Card,July
1/27/2025,Rent,14456.0,Card,November
1/27/2025,Utilities,12973.0,Cash,May
1/27/2025,Rent,5147.0,Cash,March
1/28/2025,Shopping,12692.0,Cash,August
1/30/2025,Health,10703.0,Cash,December
1/30/2025,Rent,240.0,Online,March
1/31/2025,Shopping,8334.0,Online,June
1/31/2025,Utilities,588.0,Cash,June
2/1/2025,Shopping,10806.0,Card,June
2/1/2025,Rent,14059.0,Card,October
2/1/2025,Shopping,14271.0,Cash,December
2/3/2025,Entertainment,1746.0,Card,January
2/4/2025,Rent,14822.0,Card,June
2/4/2025,Transport,13495.0,Cash,January
2/5/2025,Entertainment,11894.0,Online,September
2/5/2025,Rent,5395.0,Card,December
2/6/2025,Utilities,216.0,Online,January
2/6/2025,Utilities,3710.0,Cash,January
2/7/2025,Shopping,11140.0,Card,July
2/10/2025,Shopping,11621.0,Card,June
2/10/2025,Transport,7591.0,Cash,May
2/11/2025,Rent,6804.0,Cash,September
2/11/2025,Health,625.0,Card,April
2/12/2025,Rent,7722.0,Cash,October
2/14/2025,Transport,3442.0,Card,May
2/16/2025,Utilities,4906.0,Card,January
2/17/2025,Shopping,7927.0,Cash,April
2/18/2025,Utilities,9482.0,Cash,June
2/18/2025,Entertainment,4297.0,Cash,March
2/18/2025,Rent,10717.0,Online,November
2/19/2025,Health,8811.0,Online,May
2/20/2025,Shopping,5308.0,Card,January
2/21/2025,Food,1467.0,Card,June
2/22/2025,Shopping,14568.0,Card,February
2/23/2025,Health,7114.0,Card,March
2/23/2025,Transport,9208.0,Cash,November
2/25/2025,Transport,5391.0,Cash,July
2/25/2025,Transport,189.0,Card,September
3/2/2025,Entertainment,8233.0,Card,August
3/3/2025,Entertainment,9279.0,Cash,September
3/7/2025,Food,7275.0,Card,November
3/10/2025,Utilities,7451.0,Online,August
3/11/2025,Shopping,8156.0,Online,August
3/13/2025,Shopping,10426.0,Online,December
3/14/2025,Health,14097.0,Online,June
3/16/2025,Transport,2449.0,Cash,March
3/17/2025,Health,6546.0,Cash,November
3/17/2025,Entertainment,12341.0,Online,October
3/19/2025,Health,729.0,Card,June
3/20/2025,Shopping,9952.0,Card,October
3/20/2025,Transport,13278.0,Online,October
3/22/2025,Shopping,1339.0,Online,July
3/25/2025,Food,307.0,Cash,December
3/26/2025,Entertainment,6907.0,Online,August
3/28/2025,Food,12096.0,Online,April
3/28/2025,Entertainment,13747.0,Card,October
3/28/2025,Transport,14527.0,Card,December
3/30/2025,Entertainment,10974.0,Cash,August
3/30/2025,Rent,9306.0,Cash,July
3/31/2025,Food,9754.0,Card,May
3/31/2025,Entertainment,12980.0,Cash,December
3/31/2025,Health,138.0,Cash,December
4/1/2025,Health,11860.0,Card,August
4/3/2025,Food,7586.0,Card,October
4/4/2025,Shopping,11677.0,Online,October
4/4/2025,Shopping,12613.0,Cash,August
4/5/2025,Entertainment,671.0,Cash,November
4/5/2025,Entertainment,3974.0,Card,July
4/6/2025,Transport,5333.0,Online,January
4/6/2025,Entertainment,7109.0,Card,February
4/8/2025,Transport,1863.0,Cash,July
4/11/2025,Shopping,4905.0,Card,October
4/13/2025,Transport,13745.0,Online,October
4/14/2025,Health,994.0,Online,June
4/15/2025,Transport,14396.0,Card,November
4/15/2025,Shopping,7943.0,Card,July
4/16/2025,Shopping,3878.0,Card,April
4/16/2025,Health,13581.0,Online,April
4/17/2025,Food,5520.0,Cash,March
4/17/2025,Transport,8719.0,Cash,October
4/17/2025,Utilities,14514.0,Online,May
4/18/2025,Rent,1374.0,Cash,September
4/18/2025,Health,4570.0,Cash,October
4/19/2025,Transport,14065.0,Card,February
4/19/2025,Shopping,14299.0,Card,September
4/20/2025,Entertainment,3140.0,Card,July
4/20/2025,Food,7314.0,Card,October
4/21/2025,Health,5470.0,Card,March
4/21/2025,Rent,3691.0,Card,April
4/21/2025,Entertainment,3020.0,Online,July
4/25/2025,Transport,2027.0,Cash,December
4/28/2025,Entertainment,6112.0,Card,January
4/29/2025,Entertainment,7412.0,Card,November
4/29/2025,Shopping,1365.0,Online,December
5/2/2025,Food,13572.0,Card,April
5/3/2025,Entertainment,12152.0,Card,March
5/4/2025,Rent,5250.0,Cash,November
5/4/2025,Food,9561.0,Cash,May
5/6/2025,Food,13995.0,Card,February
5/6/2025,Food,13450.0,Online,February
5/7/2025,Rent,11439.0,Card,November
5/7/2025,Shopping,9577.0,Online,February
5/10/2025,Shopping,13773.0,Card,May
5/11/2025,Rent,14375.0,Online,January
5/11/2025,Utilities,452.0,Online,May
5/11/2025,Shopping,4216.0,Online,June
5/13/2025,Food,1767.0,Card,November
5/13/2025,Food,3838.0,Cash,June
5/14/2025,Food,7385.0,Cash,October
5/15/2025,Health,3826.0,Cash,December
5/16/2025,Entertainment,5349.0,Cash,July
5/17/2025,Food,2503.0,Cash,February
5/17/2025,Rent,1107.0,Cash,April
5/18/2025,Health,12498.0,Online,August
5/19/2025,Entertainment,11795.0,Cash,June
5/19/2025,Transport,9141.0,Card,April
5/20/2025,Transport,11396.0,Online,May
5/20/2025,Entertainment,474.0,Cash,December
5/20/2025,Shopping,14215.0,Cash,January
5/22/2025,Rent,10758.0,Cash,May
5/23/2025,Entertainment,1318.0,Card,June
5/24/2025,Health,4279.0,Online,July
5/24/2025,Food,9178.0,Card,October
5/25/2025,Rent,683.0,Card,August
5/25/2025,Food,6969.0,Cash,February
5/25/2025,Transport,1896.0,Card,February
5/25/2025,Rent,626.0,Card,September
5/26/2025,Shopping,12768.0,Online,June
5/26/2025,Utilities,10281.0,Card,December
5/27/2025,Shopping,6864.0,Cash,May
5/27/2025,Food,11136.0,Cash,August
5/30/2025,Entertainment,10627.0,Online,March
5/30/2025,Entertainment,12244.0,Card,April
5/31/2025,Rent,1898.0,Cash,December
6/1/2025,Shopping,14125.0,Card,December
6/2/2025,Rent,7202.0,Card,May
6/4/2025,Entertainment,7024.0,Cash,June
6/5/2025,Health,9810.0,Card,January
6/8/2025,Shopping,13861.0,Online,December
6/8/2025,Utilities,6577.0,Cash,February
6/8/2025,Entertainment,8173.0,Cash,December
6/9/2025,Entertainment,10893.0,Online,July
6/14/2025,Transport,1416.0,Card,August
6/15/2025,Rent,13087.0,Card,November
6/21/2025,Health,12865.0,Cash,September
6/23/2025,Food,8358.0,Card,March
6/24/2025,Rent,9209.0,Cash,March
6/28/2025,Transport,3391.0,Online,February
6/30/2025,Entertainment,406.0,Cash,January
6/30/2025,Rent,12175.0,Cash,September
6/30/2025,Shopping,9982.0,Card,May
7/1/2025,Health,7110.0,Card,November
7/4/2025,Shopping,12725.0,Online,September
7/4/2025,Shopping,9656.0,Cash,November
7/7/2025,Shopping,12194.0,Cash,June
7/9/2025,Transport,5143.0,Card,March
7/9/2025,Transport,3928.0,Cash,December
7/9/2025,Entertainment,9205.0,Online,September
7/9/2025,Entertainment,6752.0,Card,March
7/10/2025,Rent,4899.0,Cash,December
7/11/2025,Food,761.0,Cash,September
7/13/2025,Health,5278.0,Cash,June
7/14/2025,Shopping,6502.0,Card,March
7/15/2025,Rent,12427.0,Card,March
7/16/2025,Shopping,9888.0,Card,September
7/16/2025,Shopping,7279.0,Online,May
7/17/2025,Shopping,13256.0,Cash,January
7/17/2025,Utilities,13607.0,Card,March
7/17/2025,Rent,6642.0,Cash,September
7/18/2025,Entertainment,1063.0,Online,February
7/18/2025,Shopping,1480.0,Card,October
7/19/2025,Food,12423.0,Card,May
7/19/2025,Health,7391.0,Card,October
7/19/2025,Entertainment,9084.0,Card,July
7/19/2025,Transport,6663.0,Cash,May
7/20/2025,Health,7757.0,Card,July
7/22/2025,Shopping,11927.0,Online,May
7/23/2025,Transport,12315.0,Online,April
7/23/2025,Food,9565.0,Card,June
7/25/2025,Utilities,6831.0,Card,December
7/25/2025,Shopping,5997.0,Cash,April
7/27/2025,Rent,786.0,Card,February
7/27/2025,Food,8880.0,Cash,November
7/28/2025,Entertainment,9537.0,Online,March
7/28/2025,Health,4456.0,Card,June
7/30/2025,Shopping,7948.0,Online,January
7/31/2025,Transport,2453.0,Card,January
8/2/2025,Transport,4011.0,Online,August
8/3/2025,Entertainment,5470.0,Card,December
8/9/2025,Shopping,1017.0,Cash,May
8/10/2025,Transport,4545.0,Cash,October
8/15/2025,Rent,2569.0,Cash,January
8/16/2025,Health,14888.0,Online,April
8/18/2025,Food,11314.0,Cash,February
8/23/2025,Utilities,7080.0,Card,November
8/23/2025,Rent,992.0,Cash,September
8/24/2025,Health,3812.0,Card,July
8/26/2025,Shopping,2303.0,Cash,January
8/27/2025,Transport,9142.0,Online,February
8/29/2025,Utilities,9639.0,Card,April
8/29/2025,Rent,12180.0,Card,May
8/30/2025,Rent,5758.0,Card,December
8/30/2025,Transport,7805.0,Cash,January
8/31/2025,Transport,3738.0,Cash,March
8/31/2025,Utilities,14890.0,Cash,February
9/1/2025,Health,12191.0,Cash,September
9/2/2025,Rent,878.0,Online,February
9/3/2025,Utilities,10837.0,Cash,March
9/3/2025,Rent,8420.0,Card,May
9/4/2025,Food,369.0,Card,April
9/4/2025,Entertainment,674.0,Card,December
9/4/2025,Transport,2164.0,Card,June
9/4/2025,Health,7524.0,Card,February
9/6/2025,Food,12360.0,Cash,December
9/8/2025,Shopping,9113.0,Card,February
9/11/2025,Food,11183.0,Card,October
9/11/2025,Utilities,5446.0,Online,October
9/15/2025,Health,10740.0,Cash,October
9/16/2025,Health,12957.0,Cash,January
9/16/2025,Rent,3274.0,Cash,March
9/17/2025,Health,7332.0,Cash,March
9/17/2025,Utilities,9733.0,Cash,February
9/19/2025,Shopping,7933.0,Card,May
9/19/2025,Food,13125.0,Cash,December
9/24/2025,Rent,9745.0,Online,June
9/25/2025,Rent,205.0,Cash,April
9/25/2025,Transport,381.0,Card,November
9/25/2025,Utilities,9767.0,Card,March
9/27/2025,Health,2834.0,Online,November
9/29/2025,Transport,7100.0,Card,February
9/29/2025,Transport,10824.0,Card,August
9/29/2025,Utilities,1707.0,Online,January
9/30/2025,Entertainment,1494.0,Online,September
10/1/2025,Utilities,307.0,Cash,September
10/1/2025,Health,9198.0,Cash,December
10/1/2025,Transport,13731.0,Cash,July
10/2/2025,Health,9608.0,Card,March
10/2/2025,Food,12994.0,Online,June
10/3/2025,Rent,10147.0,Online,March
10/4/2025,Food,13087.0,Online,December
10/7/2025,Food,4911.0,Card,June
10/8/2025,Transport,8294.0,Card,February
10/9/2025,Rent,10000.0,Online,August
10/9/2025,Rent,10008.0,Online,February
10/9/2025,Health,11115.0,Cash,June
10/10/2025,Entertainment,9178.0,Online,January
10/13/2025,Food,13497.0,Card,August
10/14/2025,Transport,3783.0,Cash,October
10/14/2025,Food,8205.0,Online,August
10/15/2025,Food,113.0,Card,April
10/16/2025,Rent,1140.0,Card,July
10/17/2025,Transport,5442.0,Card,May
10/17/2025,Food,12740.0,Cash,November
10/17/2025,Food,3292.0,Cash,June
10/18/2025,Shopping,1400.0,Card,April
10/18/2025,Shopping,3668.0,Card,June
10/19/2025,Food,2237.0,Online,September
10/20/2025,Entertainment,10644.0,Online,May
10/20/2025,Entertainment,6357.0,Cash,February
10/20/2025,Shopping,4890.0,Card,March
10/20/2025,Utilities,14431.0,Card,August
10/20/2025,Shopping,11643.0,Online,September
10/21/2025,Transport,5110.0,Online,January
10/21/2025,Shopping,9308.0,Card,January
10/23/2025,Transport,7978.0,Cash,January
10/24/2025,Health,3089.0,Cash,June
10/24/2025,Shopping,12301.0,Card,December
10/25/2025,Food,9619.0,Card,May
10/25/2025,Food,9253.0,Card,June
10/25/2025,Health,14098.0,Online,January
10/25/2025,Shopping,1968.0,Card,July
10/26/2025,Transport,2213.0,Cash,October
10/29/2025,Entertainment,3813.0,Cash,January
10/31/2025,Shopping,7967.0,Card,February
10/31/2025,Utilities,10504.0,Cash,February
11/2/2025,Health,3776.0,Cash,March
11/2/2025,Rent,11822.0,Cash,December
11/2/2025,Transport,7521.0,Online,June
11/3/2025,Rent,6832.0,Online,January
11/5/2025,Rent,6250.0,Cash,January
11/5/2025,Utilities,11965.0,Online,June
11/6/2025,Entertainment,1540.0,Cash,July
11/6/2025,Rent,4355.0,Cash,May
11/6/2025,Transport,6702.0,Online,February
11/7/2025,Utilities,10496.0,Online,April
11/11/2025,Food,652.0,Cash,April
11/12/2025,Rent,8345.0,Online,September
11/12/2025,Entertainment,10439.0,Online,July
11/12/2025,Rent,6530.0,Online,March
11/12/2025,Health,7537.0,Cash,March
11/14/2025,Shopping,11493.0,Online,June
11/14/2025,Entertainment,1084.0,Card,March
11/14/2025,Transport,10277.0,Card,October
11/15/2025,Rent,8732.0,Online,March
11/15/2025,Health,4748.0,Card,May
11/16/2025,Utilities,10917.0,Cash,September
11/17/2025,Rent,2013.0,Online,March
11/18/2025,Entertainment,11753.0,Online,October
11/19/2025,Utilities,14397.0,Cash,July
11/20/2025,Shopping,10700.0,Cash,June
11/21/2025,Rent,803.0,Card,June
11/21/2025,Entertainment,2482.0,Online,July
11/22/2025,Shopping,11745.0,Card,July
11/22/2025,Rent,3474.0,Online,September
11/23/2025,Utilities,9984.0,Online,April
11/25/2025,Health,2963.0,Cash,May
11/27/2025,Entertainment,3349.0,Online,November
11/28/2025,Utilities,7497.0,Cash,January
11/28/2025,Rent,9544.0,Cash,May
11/29/2025,Food,9235.0,Online,May
11/29/2025,Entertainment,8313.0,Cash,February
11/29/2025,Entertainment,3698.0,Card,November
11/30/2025,Shopping,826.0,Online,February
11/30/2025,Utilities,14136.0,Online,August
12/1/2025,Transport,1928.0,Card,August
12/2/2025,Shopping,14659.0,Online,February
12/3/2025,Entertainment,4072.0,Cash,March
12/4/2025,Food,2389.0,Card,December
12/4/2025,Food,7526.0,Card,February
12/6/2025,Entertainment,2156.0,Card,December
12/9/2025,Transport,3474.0,Online,March
12/10/2025,Food,3480.0,Card,November
12/10/2025,Entertainment,6640.0,Cash,July
12/11/2025,Transport,11060.0,Cash,January
12/14/2025,Health,3325.0,Cash,August
12/18/2025,Rent,10130.0,Card,February
12/20/2025,Food,10562.0,Card,August
12/20/2025,Transport,2262.0,Online,May
12/24/2025,Entertainment,9524.0,Online,October
12/25/2025,Utilities,2496.0,Online,December
12/26/2025,Health,13936.0,Cash,October
12/27/2025,Rent,11230.0,Online,October
12/27/2025,Rent,11403.0,Card,August
12/27/2025,Rent,3653.0,Online,December
12/28/2025,Utilities,10304.0,Card,May
12/29/2025,Shopping,12278.0,Online,May
12/29/2025,Entertainment,14151.0,Card,August
12/30/2025,Rent,14013.0,Cash,December
12/30/2025,Health,5876.0,Online,June
1/1/2026,Shopping,11353.0,Cash,April
1/1/2026,Utilities,10693.0,Card,September
1/2/2026,Shopping,12308.0,Card,November
1/3/2026,Utilities,6912.0,Online,April
1/3/2026,Transport,12871.0,Card,May
1/4/2026,Shopping,11480.0,Online,March
1/4/2026,Health,4803.0,Card,January
1/5/2026,Utilities,9318.0,Online,September
1/5/2026,Entertainment,5289.0,Online,September
1/5/2026,Entertainment,5490.0,Card,August
1/8/2026,Food,13644.0,Cash,July
1/8/2026,Transport,14537.0,Card,November
1/9/2026,Utilities,12445.0,Cash,August
1/10/2026,Rent,719.0,Online,April
1/12/2026,Health,5184.0,Online,October
1/14/2026,Transport,8807.0,Online,May
1/14/2026,Entertainment,12832.0,Cash,August
1/17/2026,Entertainment,11092.0,Card,December
1/18/2026,Food,2845.0,Cash,July
1/18/2026,Rent,14627.0,Cash,November
1/19/2026,Utilities,5004.0,Online,August
1/19/2026,Entertainment,5857.0,Cash,December
1/20/2026,Transport,11708.0,Cash,May
1/20/2026,Health,6362.0,Card,January
1/21/2026,Shopping,9786.0,Cash,January
1/21/2026,Utilities,3324.0,Online,March
1/23/2026,Transport,9929.0,Online,October
1/23/2026,Food,7327.0,Card,April
1/27/2026,Health,12473.0,Online,January
1/28/2026,Food,6995.0,Cash,February
1/28/2026,Rent,4540.0,Card,August
1/30/2026,Transport,5692.0,Online,February
1/31/2026,Rent,4712.0,Online,November
1/31/2026,Health,11777.0,Cash,September
2/2/2026,Utilities,6880.0,Cash,July
2/2/2026,Entertainment,3862.0,Card,January
2/2/2026,Health,10288.0,Online,March
2/2/2026,Health,7199.0,Card,April
2/5/2026,Entertainment,5545.0,Card,January
2/5/2026,Transport,12736.0,Card,October
2/7/2026,Entertainment,3819.0,Online,February
2/7/2026,Health,4643.0,Cash,September
2/8/2026,Rent,13159.0,Cash,February
2/9/2026,Health,5897.0,Cash,March
2/10/2026,Transport,4233.0,Cash,December
2/11/2026,Transport,2908.0,Online,August
2/12/2026,Rent,6376.0,Card,January
2/14/2026,Food,1100.0,Cash,September
2/14/2026,Entertainment,14239.0,Online,June
2/14/2026,Rent,11887.0,Online,September
2/14/2026,Entertainment,5116.0,Cash,December
2/15/2026,Health,4775.0,Card,January
2/17/2026,Entertainment,8457.0,Online,November
2/18/2026,Shopping,12157.0,Card,October
2/18/2026,Shopping,3841.0,Card,November
2/21/2026,Food,13932.0,Card,November
2/21/2026,Rent,3181.0,Cash,January
2/22/2026,Rent,2572.0,Online,January
2/23/2026,Transport,3814.0,Cash,September
2/25/2026,Food,14235.0,Cash,September
2/25/2026,Entertainment,5852.0,Card,April
2/28/2026,Entertainment,225.0,Online,October
3/1/2026,Shopping,4053.0,Cash,May
3/2/2026,Utilities,14277.0,Cash,January
3/2/2026,Entertainment,1086.0,Card,September
3/2/2026,Rent,10674.0,Online,March
3/3/2026,Shopping,1812.0,Card,October
3/5/2026,Shopping,5303.0,Online,October
3/5/2026,Transport,11818.0,Cash,May
3/6/2026,Transport,6453.0,Cash,March
3/6/2026,Entertainment,12039.0,Cash,September
3/6/2026,Food,4531.0,Online,November
3/8/2026,Health,6913.0,Online,January
3/8/2026,Health,10461.0,Card,November
3/8/2026,Rent,111.0,Card,August
3/8/2026,Food,10799.0,Card,July
3/10/2026,Food,3316.0,Cash,June
3/11/2026,Health,10005.0,Card,February
3/12/2026,Utilities,14746.0,Online,August
3/12/2026,Rent,1158.0,Cash,July
3/14/2026,Entertainment,14194.0,Cash,July
3/15/2026,Transport,9839.0,Online,October
3/16/2026,Entertainment,5529.0,Card,January
3/17/2026,Entertainment,1782.0,Card,November
3/21/2026,Shopping,3058.0,Card,June
3/23/2026,Rent,3339.0,Online,November
3/25/2026,Entertainment,1443.0,Card,December
3/25/2026,Health,9308.0,Cash,January
3/26/2026,Entertainment,9399.0,Cash,February
3/26/2026,Shopping,8132.0,Card,July
3/26/2026,Health,2456.0,Cash,February
3/26/2026,Utilities,4136.0,Online,June
3/28/2026,Shopping,11661.0,Cash,August
3/29/2026,Entertainment,14651.0,Card,May
3/29/2026,Transport,7127.0,Online,October
3/30/2026,Shopping,4267.0,Cash,April
3/30/2026,Utilities,9599.0,Cash,November
4/1/2026,Entertainment,7017.0,Online,April
4/1/2026,Transport,14763.0,Cash,February
4/2/2026,Entertainment,7129.0,Cash,October
4/3/2026,Entertainment,7427.0,Card,August
4/3/2026,Shopping,2593.0,Card,January
4/4/2026,Food,12297.0,Card,December
4/5/2026,Food,2872.0,Cash,April
4/6/2026,Transport,3255.0,Card,March
4/7/2026,Health,101.0,Online,March
4/8/2026,Entertainment,14677.0,Cash,August
4/8/2026,Transport,869.0,Online,December
4/8/2026,Health,11994.0,Online,April
4/9/2026,Health,2039.0,Card,November
4/9/2026,Food,1088.0,Cash,April
4/10/2026,Entertainment,9871.0,Cash,May
4/11/2026,Food,11029.0,Online,March
4/12/2026,Rent,11230.0,Cash,April
4/13/2026,Transport,13225.0,Cash,June
4/14/2026,Utilities,11524.0,Cash,December
4/15/2026,Rent,1150.0,Cash,February
4/16/2026,Rent,1298.0,Online,April
4/16/2026,Utilities,8984.0,Online,December
4/17/2026,Utilities,3566.0,Online,June
4/18/2026,Food,1804.0,Cash,January
4/18/2026,Rent,2852.0,Cash,March
4/19/2026,Transport,11800.0,Online,June
4/20/2026,Transport,8006.0,Online,March
4/21/2026,Health,7024.0,Cash,February
4/22/2026,Transport,6887.0,Card,September
4/28/2026,Health,7861.0,Online,November
4/30/2026,Transport,7036.0,Online,July
5/1/2026,Utilities,10461.0,Card,June
5/1/2026,Transport,3224.0,Online,October
5/3/2026,Utilities,12682.0,Online,September
5/3/2026,Utilities,10332.0,Card,December
5/4/2026,Shopping,891.0,Cash,March
5/6/2026,Entertainment,14788.0,Online,January
5/6/2026,Shopping,10845.0,Online,October
5/7/2026,Food,13246.0,Card,November
5/7/2026,Rent,13381.0,Cash,February
5/10/2026,Rent,12357.0,Online,April
5/10/2026,Rent,6190.0,Cash,June
5/10/2026,Entertainment,7611.0,Card,December
5/12/2026,Entertainment,9087.0,Cash,September
5/13/2026,Transport,3888.0,Card,September
5/13/2026,Health,10376.0,Cash,March
5/16/2026,Entertainment,1277.0,Cash,November
5/16/2026,Food,675.0,Cash,December
5/16/2026,Shopping,14010.0,Card,August
5/18/2026,Rent,9027.0,Card,October
5/18/2026,Health,8079.0,Card,January
5/20/2026,Food,14849.0,Cash,April
5/21/2026,Entertainment,12103.0,Online,December
5/21/2026,Entertainment,9852.0,Cash,July
5/21/2026,Utilities,11858.0,Card,April
5/21/2026,Food,13473.0,Cash,November
5/21/2026,Food,5443.0,Online,May
5/22/2026,Health,4860.0,Online,May
5/25/2026,Food,10923.0,Cash,March
5/25/2026,Utilities,10206.0,Card,September
5/26/2026,Health,5995.0,Cash,April
5/27/2026,Food,734.0,Online,February
5/28/2026,Food,1691.0,Card,May
5/28/2026,Shopping,3527.0,Card,November
5/29/2026,Shopping,11663.0,Cash,July
5/30/2026,Utilities,11228.0,Online,June
5/30/2026,Utilities,4499.0,Online,December
6/1/2026,Transport,10160.0,Online,April
6/1/2026,Food,2378.0,Online,December
6/1/2026,Utilities,8701.0,Card,June
6/2/2026,Shopping,5755.0,Card,February
6/2/2026,Utilities,7215.0,Online,December
6/3/2026,Health,1329.0,Online,March
6/3/2026,Rent,12146.0,Card,April
6/4/2026,Entertainment,12021.0,Cash,April
6/4/2026,Shopping,13131.0,Card,August
6/9/2026,Health,14213.0,Cash,November
6/10/2026,Utilities,1535.0,Online,May
6/10/2026,Rent,12422.0,Cash,September
6/13/2026,Transport,12968.0,Online,April
6/14/2026,Health,6182.0,Online,April
6/14/2026,Health,8542.0,Cash,February
6/14/2026,Shopping,13698.0,Online,June
6/15/2026,Health,5891.0,Cash,February
6/15/2026,Health,9327.0,Cash,September
6/16/2026,Health,11973.0,Card,May
6/16/2026,Health,3273.0,Card,December
6/18/2026,Health,1987.0,Card,January
6/21/2026,Food,554.0,Cash,October
6/21/2026,Food,10632.0,Cash,June
6/24/2026,Shopping,6189.0,Cash,September
6/25/2026,Utilities,7825.0,Card,August
6/26/2026,Shopping,14946.0,Card,April
6/26/2026,Entertainment,13480.0,Cash,May
6/27/2026,Health,4311.0,Cash,November
6/30/2026,Entertainment,11085.0,Online,October
7/1/2026,Food,7152.0,Card,August
7/2/2026,Shopping,8608.0,Online,April
7/3/2026,Transport,9296.0,Online,September
7/4/2026,Rent,13729.0,Card,February
7/8/2026,Transport,14726.0,Online,April
7/8/2026,Shopping,14551.0,Online,September
7/9/2026,Transport,9231.0,Card,July
7/9/2026,Shopping,12698.0,Online,January
7/10/2026,Rent,1488.0,Cash,March
7/10/2026,Shopping,6283.0,Card,January
7/11/2026,Utilities,8633.0,Online,August
7/13/2026,Food,14209.0,Cash,February
7/16/2026,Entertainment,12903.0,Card,September
7/17/2026,Health,11915.0,Cash,June
7/17/2026,Transport,8565.0,Card,February
7/17/2026,Entertainment,4133.0,Cash,October
7/17/2026,Shopping,9838.0,Cash,July
7/17/2026,Food,10953.0,Card,July
7/18/2026,Health,9866.0,Card,November
7/20/2026,Rent,13874.0,Card,April
7/20/2026,Entertainment,6744.0,Online,May
7/22/2026,Transport,8941.0,Cash,July
7/23/2026,Rent,14726.0,Card,January
7/23/2026,Health,582.0,Cash,May
7/24/2026,Utilities,10305.0,Cash,August
7/24/2026,Food,6199.0,Cash,December
7/31/2026,Food,12747.0,Online,April
7/31/2026,Utilities,10089.0,Card,December
7/31/2026,Shopping,6981.0,Online,May
8/3/2026,Food,9020.0,Card,December
8/3/2026,Transport,8327.0,Cash,December
8/5/2026,Rent,4982.0,Online,July
8/8/2026,Entertainment,1842.0,Card,October
8/9/2026,Health,12255.0,Cash,March
8/10/2026,Entertainment,8576.0,Card,August
8/10/2026,Food,6254.0,Online,August
8/10/2026,Transport,14310.0,Cash,October
8/11/2026,Food,11471.0,Card,June
8/12/2026,Rent,5209.0,Card,September
8/12/2026,Food,121.0,Cash,February
8/13/2026,Food,7590.0,Card,July
8/13/2026,Food,1489.0,Card,May
8/14/2026,Food,9731.0,Online,June
8/14/2026,Transport,5205.0,Card,March
8/15/2026,Food,5226.0,Cash,May
8/15/2026,Rent,12695.0,Card,July
8/15/2026,Food,13431.0,Card,February
8/15/2026,Shopping,14164.0,Cash,June
8/15/2026,Transport,11845.0,Online,November
8/15/2026,Food,11679.0,Online,November
8/16/2026,Food,11066.0,Cash,November
8/16/2026,Entertainment,12220.0,Card,May
8/17/2026,Rent,4880.0,Card,February
8/18/2026,Rent,1236.0,Online,March
8/19/2026,Shopping,13142.0,Card,July
8/20/2026,Transport,7573.0,Cash,August
8/20/2026,Rent,5563.0,Card,August
8/25/2026,Transport,11338.0,Card,November
8/25/2026,Rent,10533.0,Cash,May
8/27/2026,Food,5550.0,Cash,July
8/28/2026,Utilities,172.0,Cash,October
8/29/2026,Shopping,4699.0,Card,May
8/29/2026,Health,1904.0,Cash,June
8/30/2026,Shopping,3456.0,Cash,June
8/30/2026,Health,13060.0,Cash,September
8/31/2026,Transport,7695.0,Online,June
9/1/2026,Utilities,13361.0,Online,March
9/2/2026,Health,2836.0,Online,March
9/4/2026,Transport,11307.0,Cash,April
9/7/2026,Health,8695.0,Cash,September
9/8/2026,Health,3046.0,Online,March
9/9/2026,Entertainment,11071.0,Card,May
9/12/2026,Entertainment,13679.0,Cash,February
9/13/2026,Transport,11409.0,Card,December
9/14/2026,Shopping,9859.0,Online,March
9/14/2026,Utilities,3172.0,Cash,February
9/16/2026,Health,3596.0,Cash,November
9/18/2026,Transport,14094.0,Cash,July
9/19/2026,Entertainment,10931.0,Cash,August
9/19/2026,Rent,258.0,Cash,December
9/22/2026,Health,10003.0,Card,October
9/22/2026,Entertainment,9007.0,Card,November
9/23/2026,Utilities,10101.0,Online,September
9/23/2026,Food,6738.0,Card,April
9/25/2026,Food,7217.0,Cash,August
9/25/2026,Utilities,2840.0,Online,December
