description,category
Fast food meal 145,Food
Street food,Food
Lunch with colleagues,Food
Weekly groceries,Food
Coffee and lunch 116,Food
Brunch outing,Food
Dinner at restaurant,Food
Organic food store,Food
Snacks and beverages,Food
Grocery shopping at Walmart,Food
Food delivery order,Food
Food and drinks,Food
Sandwich and coffee,Food
Food and drinks 199,Food
Lunch with colleagues,Food
Hotel breakfast,Food
Coffee and lunch,Food
Fast food meal,Food
Catering order 155,Food
Meal prep ingredients,Food
Breakfast cafe 121,Food
Food truck,Food
Brunch outing,Food
Catering order,Food
Meal prep ingredients 186,Food
Sandwich and coffee,Food
Breakfast cafe,Food
Food delivery order,Food
Street food 199,Food
Snacks and beverages,Food
Brunch outing,Food
Pizza delivery,Food
Coffee and lunch,Food
Bulk groceries,Food
Sandwich and coffee,Food
Dessert and coffee,Food
Coffee shop,Food
Supermarket groceries 76,Food
Street food,Food
Lunch break food,Food
Bakery and snacks,Food
Bulk groceries,Food
Restaurant dinner,Food
Weekly groceries,Food
Fast food meal 86,Food
Bakery and snacks,Food
Catering order,Food
Supermarket groceries,Food
Grocery shopping at Walmart,Food
Fast food meal,Food
Snacks and beverages,Food
Food and drinks 227,Food
Food delivery order,Food
Lunch break food,Food
Cafeteria lunch,Food
Lunch with colleagues,Food
Office cafeteria,Food
Grocery run,Food
Milk and bread,Food
Food delivery order,Food
Vending machine,Food
Dessert and coffee,Food
Fast food meal,Food
Office cafeteria,Food
Street food,Food
Weekly groceries 253,Food
Breakfast cafe,Food
Restaurant dinner 248,Food
Food delivery order,Food
Bakery and snacks,Food
Takeout food,Food
Bulk groceries,Food
Meal prep ingredients,Food
Vending machine,Food
Street food,Food
Food and drinks 288,Food
Brunch outing,Food
Grocery shopping at Walmart 328,Food
Pizza delivery,Food
Coffee and lunch,Food
Breakfast cafe,Food
Snacks and beverages,Food
Sandwich and coffee,Food
Kitchen supplies,Food
Kitchen supplies,Food
Takeout food 342,Food
Bakery and snacks,Food
Organic food store,Food
Pizza delivery,Food
Lunch with colleagues 377,Food
Food and drinks,Food
Lunch with colleagues,Food
Takeout food,Food
Restaurant dinner,Food
Snacks and beverages,Food
Breakfast cafe,Food
Lunch with colleagues 281,Food
Grocery shopping at Walmart,Food
Street food 253,Food
Kitchen supplies,Food
Bulk groceries,Food
Food delivery order,Food
Catering order,Food
Supermarket groceries,Food
Coffee shop 156,Food
Sandwich and coffee,Food
Pizza delivery,Food
Pizza delivery 249,Food
Grocery run,Food
Vending machine 496,Food
Grocery run 100,Food
Breakfast cafe,Food
Street food,Food
Street food,Food
Coffee and lunch,Food
Organic food store,Food
Vending machine,Food
Lunch break food,Food
Dessert and coffee,Food
Bulk groceries 335,Food
Office cafeteria,Food
Breakfast cafe 323,Food
Lunch with colleagues 114,Food
Grocery run,Food
Hotel breakfast,Food
Street food,Food
Food delivery order,Food
Office cafeteria,Food
Vending machine 423,Food
Office cafeteria,Food
Lunch with colleagues,Food
Restaurant dinner,Food
Lunch with colleagues,Food
Milk and bread,Food
Sandwich and coffee,Food
Sandwich and coffee,Food
Lunch break food,Food
Lunch break food,Food
Pizza delivery 221,Food
Snacks and beverages 175,Food
Restaurant dinner,Food
Lunch break food 231,Food
Bakery and snacks,Food
Fast food meal 457,Food
Milk and bread,Food
Meal prep ingredients,Food
Milk and bread,Food
Coffee and lunch,Food
Coffee and lunch,Food
Sandwich and coffee,Food
Rent cash 404,Rent
Rent reminder,Rent
Last month rent,Rent
Rent payment 481,Rent
Monthly housing rent,Rent
Rent receipt,Rent
Last month rent 382,Rent
Shared apartment rent,Rent
Last month rent,Rent
Lease renewal,Rent
Monthly housing rent,Rent
Rent receipt,Rent
First month rent,Rent
Lease renewal,Rent
Rent deposit,Rent
Rental agreement,Rent
Rent,Rent
Monthly housing rent,Rent
Rent cash 173,Rent
Tenant rent,Rent
Rent due,Rent
Rent bank transfer,Rent
Rent cash,Rent
Rent reminder,Rent
Monthly rent payment 138,Rent
Studio rent,Rent
Tenant rent 310,Rent
Last month rent,Rent
Rent receipt,Rent
Rent cheque,Rent
House rent,Rent
Rent auto debit 27,Rent
Rent online,Rent
Rent advance,Rent
Rent reminder,Rent
Rent payment,Rent
Rent deposit,Rent
Apartment rent,Rent
Shared apartment rent,Rent
Rent cash,Rent
Rent payment,Rent
Rent advance,Rent
Last month rent,Rent
Rent online,Rent
Room rent 345,Rent
First month rent,Rent
Studio rent,Rent
Rent for December,Rent
Rent 151,Rent
Rent deposit,Rent
Rent auto debit,Rent
Shared apartment rent,Rent
Rental agreement,Rent
Rent advance,Rent
Rent receipt,Rent
Rent cash 268,Rent
Rent cash,Rent
Shared apartment rent 492,Rent
Rent due,Rent
Rent for December,Rent
Rent deposit 28,Rent
Monthly housing rent,Rent
Rent cheque,Rent
Apartment rent,Rent
Rent bank transfer,Rent
Rent online,Rent
Lease payment,Rent
Room rent,Rent
Monthly rent payment,Rent
Lease renewal,Rent
House rent,Rent
Monthly housing rent 495,Rent
Rent online,Rent
Landlord rent,Rent
Lease renewal 73,Rent
Rent receipt,Rent
Rent advance,Rent
Rent cheque,Rent
Rent due,Rent
Rent cheque,Rent
Rent advance,Rent
Rent reminder,Rent
Studio rent,Rent
Lease payment,Rent
Rent due,Rent
Rent bank transfer,Rent
Rent due,Rent
Rent bank transfer,Rent
Rental agreement 151,Rent
Monthly housing rent,Rent
Shared apartment rent,Rent
Apartment rent 123,Rent
First month rent,Rent
Rent online,Rent
Last month rent,Rent
Rent reminder,Rent
Landlord rent,Rent
Last month rent,Rent
Rent due,Rent
Rent online 455,Rent
Rent due,Rent
Lease payment 185,Rent
Rent for December,Rent
Lease renewal,Rent
Rent,Rent
Rent payment,Rent
Rent receipt,Rent
Monthly housing rent,Rent
Tenant rent,Rent
Monthly rent payment,Rent
Rent cash,Rent
First month rent,Rent
Rent,Rent
Room rent,Rent
Rent reminder 206,Rent
Rent auto debit,Rent
Monthly rent payment 224,Rent
Room rent,Rent
Studio rent 199,Rent
Shared apartment rent,Rent
Shared apartment rent,Rent
First month rent,Rent
Rent,Rent
Rent 14,Rent
Rent payment,Rent
Rent payment due,Rent
Apartment rent,Rent
Rent bank transfer 20,Rent
Monthly housing rent 15,Rent
Rent cheque 69,Rent
Lease payment,Rent
Rent auto debit,Rent
Rental agreement,Rent
Rent due,Rent
Rent cheque,Rent
Rent payment,Rent
Rent due,Rent
Rent for December 18,Rent
Rent for December,Rent
First month rent,Rent
Rent online 308,Rent
Rent online,Rent
Monthly housing rent 400,Rent
Rent for December,Rent
Rent cheque,Rent
Rent receipt,Rent
Rent receipt 277,Rent
Last month rent,Rent
Apartment rent,Rent
Shared apartment rent 220,Rent
Utility payment,Utilities
Green energy surcharge,Utilities
Quarterly utilities,Utilities
Renewable bill,Utilities
Green energy surcharge 272,Utilities
Quarterly utilities,Utilities
Final bill utilities,Utilities
Estimated bill utilities,Utilities
Green energy surcharge,Utilities
Winter heating,Utilities
Electric payment,Utilities
Internet bill,Utilities
Renewable bill,Utilities
Renewable bill,Utilities
Meter reading bill,Utilities
Electricity bill payment,Utilities
Property tax 113,Utilities
Drainage charge,Utilities
Property tax,Utilities
Summer AC bill,Utilities
Maintenance fee utilities,Utilities
Smart meter bill,Utilities
Internet bill,Utilities
Green energy surcharge,Utilities
Estimated bill utilities,Utilities
Dual tariff utilities,Utilities
Dual tariff utilities,Utilities
Electricity bill payment 118,Utilities
Standing charge utilities,Utilities
Council tax,Utilities
Drainage charge,Utilities
Smart meter bill,Utilities
Dual fuel bill,Utilities
Drainage charge,Utilities
Maintenance fee utilities,Utilities
Mobile recharge 103,Utilities
Property tax 279,Utilities
Estimated bill utilities,Utilities
Sewage bill,Utilities
Dual tariff utilities,Utilities
Winter heating,Utilities
Smart meter bill,Utilities
Gas utility bill,Utilities
Council tax,Utilities
Heating bill,Utilities
Fixed charge utilities,Utilities
Maintenance fee utilities 32,Utilities
Prepaid electricity,Utilities
Cable TV bill,Utilities
Estimated bill utilities,Utilities
Electric payment 150,Utilities
Dual tariff utilities,Utilities
Property tax 31,Utilities
Maintenance fee utilities,Utilities
Dual tariff utilities 38,Utilities
Standing charge utilities,Utilities
Winter heating,Utilities
Water bill 420,Utilities
Winter heating,Utilities
Internet bill,Utilities
Gas utility bill,Utilities
Green energy surcharge,Utilities
Final bill utilities,Utilities
Estimated bill utilities,Utilities
Renewable bill,Utilities
Council tax,Utilities
Green energy surcharge,Utilities
Summer AC bill 496,Utilities
Dual fuel bill 395,Utilities
Sewage bill,Utilities
Maintenance fee utilities,Utilities
Heating bill,Utilities
Prepaid electricity 6,Utilities
Green energy surcharge,Utilities
Summer AC bill,Utilities
Water bill,Utilities
Fixed charge utilities,Utilities
Electric payment,Utilities
Meter reading bill,Utilities
Maintenance fee utilities,Utilities
Quarterly utilities,Utilities
Final bill utilities,Utilities
Green energy surcharge 120,Utilities
Quarterly utilities 141,Utilities
Utility payment 35,Utilities
Heating bill,Utilities
Summer AC bill,Utilities
Winter heating,Utilities
Renewable bill 357,Utilities
Council tax,Utilities
Maintenance fee utilities,Utilities
Dual tariff utilities,Utilities
Summer AC bill 226,Utilities
Dual fuel bill,Utilities
Maintenance fee utilities 122,Utilities
Meter reading bill,Utilities
Winter heating,Utilities
Electricity bill payment,Utilities
Meter reading bill,Utilities
Winter heating 392,Utilities
Heating bill,Utilities
Quarterly utilities,Utilities
Maintenance fee utilities 304,Utilities
Green energy surcharge,Utilities
Dual tariff utilities,Utilities
Dual tariff utilities,Utilities
Property tax,Utilities
Gas utility bill,Utilities
Property tax,Utilities
Dual tariff utilities,Utilities
Standing charge utilities,Utilities
Prepaid electricity 50,Utilities
Property tax,Utilities
Gas utility bill,Utilities
Standing charge utilities,Utilities
Utility payment,Utilities
Meter reading bill,Utilities
Renewable bill,Utilities
Sewage bill,Utilities
Summer AC bill,Utilities
Quarterly utilities,Utilities
Water bill,Utilities
Prepaid electricity 152,Utilities
Renewable bill,Utilities
Dual tariff utilities 327,Utilities
Summer AC bill,Utilities
Fixed charge utilities 287,Utilities
Electricity bill payment,Utilities
Internet bill,Utilities
Utility payment,Utilities
Renewable bill,Utilities
Quarterly utilities,Utilities
Dual tariff utilities,Utilities
Council tax,Utilities
Maintenance fee utilities,Utilities
Dual tariff utilities,Utilities
Mobile recharge,Utilities
Cable TV bill,Utilities
Summer AC bill,Utilities
Cable TV bill,Utilities
Maintenance fee utilities,Utilities
Electric payment,Utilities
Final bill utilities,Utilities
Utility payment 376,Utilities
Council tax,Utilities
Winter heating,Utilities
Dual tariff utilities,Utilities
Renewable bill,Utilities
Drainage charge,Utilities
Estimated bill utilities,Utilities
Chauffeur service,Transport
Airport transfer,Transport
Petrol for car,Transport
Public transport pass,Transport
Ola ride 386,Transport
Parking permit,Transport
EV charging,Transport
Rideshare to meeting,Transport
Car share,Transport
Bike rental,Transport
Cab fare,Transport
Car parking fee,Transport
Transit card 471,Transport
Chauffeur service 78,Transport
Ola ride,Transport
Flight booking 405,Transport
Boat ferry,Transport
Park and ride,Transport
Shuttle service,Transport
Bike purchase,Transport
Highway toll,Transport
Car share,Transport
Gas station fuel,Transport
Petrol for car,Transport
Intercity bus,Transport
Metro card recharge,Transport
Car parking fee,Transport
Car parking fee,Transport
Cab to airport,Transport
Gas station fuel,Transport
Taxi ride,Transport
Bike share,Transport
Petrol for car,Transport
Gas fill,Transport
Lyft ride 45,Transport
Bus pass,Transport
Bus pass,Transport
Car share,Transport
Flight booking,Transport
Fuel fill,Transport
Boat ferry,Transport
Chauffeur service,Transport
Bike purchase 231,Transport
Commute expense,Transport
Cab to airport,Transport
Car pool contribution,Transport
Chauffeur service,Transport
Airport transfer,Transport
Parking permit 200,Transport
Gas fill,Transport
Intercity bus,Transport
Intercity bus 429,Transport
Park and ride,Transport
Gas fill,Transport
Taxi ride,Transport
Car share,Transport
Intercity bus,Transport
Public transport pass,Transport
Commute expense,Transport
Airport transfer,Transport
Bike rental,Transport
Fuel fill,Transport
Cab to airport,Transport
Gas station fuel,Transport
Bike rental 156,Transport
Highway toll,Transport
Lyft ride,Transport
Bike purchase,Transport
Bike share,Transport
Scooter rental,Transport
Boat ferry,Transport
Parking permit,Transport
Intercity bus,Transport
Shuttle service,Transport
Chauffeur service,Transport
Flight booking,Transport
Public transport pass,Transport
Park and ride,Transport
Parking lot,Transport
Park and ride 279,Transport
Oil change and car service,Transport
Boat ferry,Transport
Fuel fill,Transport
Car parking fee,Transport
Parking permit 457,Transport
Parking lot,Transport
Bus pass,Transport
Train ticket,Transport
Chauffeur service,Transport
Cab to airport,Transport
Oil change and car service 489,Transport
Gas station fuel,Transport
Car share 125,Transport
Bike purchase 237,Transport
Bike share,Transport
Bike purchase,Transport
Flight booking,Transport
Rideshare to meeting 255,Transport
Bus pass,Transport
Scooter rental 194,Transport
Bicycle repair,Transport
Petrol for car,Transport
Car parking fee,Transport
Bike share,Transport
Rideshare to meeting,Transport
Park and ride,Transport
Oil change and car service,Transport
Chauffeur service 113,Transport
Rideshare to meeting,Transport
Bus fare to city 175,Transport
Petrol for car,Transport
Gas fill,Transport
Parking lot,Transport
Bicycle repair,Transport
Public transport pass,Transport
Flight booking,Transport
Ride share 444,Transport
Flight booking,Transport
Bike purchase,Transport
Lyft ride 448,Transport
Bus fare to city 188,Transport
Petrol for car,Transport
Bus fare to city 31,Transport
Bike rental,Transport
Car insurance 37,Transport
Parking permit,Transport
Bike share,Transport
Car parking fee,Transport
Public transport pass,Transport
Gas station fuel,Transport
Car insurance,Transport
Rideshare to meeting,Transport
Taxi ride,Transport
Park and ride,Transport
Car parking fee,Transport
Transit card 46,Transport
Highway toll,Transport
Train ticket 324,Transport
Fuel fill,Transport
Highway toll,Transport
Ride share,Transport
Chauffeur service,Transport
Car pool contribution 364,Transport
Oil change and car service,Transport
Rideshare to meeting,Transport
Parking lot,Transport
Bicycle repair,Transport
Public transport pass,Transport
Chauffeur service,Transport
Car parking fee,Transport
Karaoke night,Entertainment
Comedy show,Entertainment
Theater play,Entertainment
Movie tickets 48,Entertainment
Movie tickets,Entertainment
Amusement park,Entertainment
Concert 35,Entertainment
Escape room,Entertainment
Zoo visit,Entertainment
Concert tickets,Entertainment
Netflix and chill,Entertainment
Sports bar,Entertainment
Cinema snacks,Entertainment
Theme park,Entertainment
Comedy show 264,Entertainment
Theater show 251,Entertainment
Museum entry,Entertainment
Comedy show,Entertainment
Comedy show 147,Entertainment
Escape room,Entertainment
Festival ticket,Entertainment
Sports bar,Entertainment
Arcade games,Entertainment
Zoo visit 480,Entertainment
Theater play,Entertainment
Bowling night 144,Entertainment
Exhibition entry,Entertainment
Cinema snacks,Entertainment
Netflix subscription 78,Entertainment
Escape room,Entertainment
Movie tickets 329,Entertainment
Netflix subscription 276,Entertainment
Theater show,Entertainment
Gaming subscription,Entertainment
Comedy show,Entertainment
Karaoke night,Entertainment
Escape room,Entertainment
Concert venue 85,Entertainment
Sports bar,Entertainment
Theater play 231,Entertainment
Theater play,Entertainment
Arcade games,Entertainment
Bowling night,Entertainment
Hobby class 225,Entertainment
Concert tickets,Entertainment
Theater play,Entertainment
Hobby class,Entertainment
Spotify subscription,Entertainment
Arcade games 109,Entertainment
Theme park,Entertainment
Sports bar 135,Entertainment
Theme park,Entertainment
Netflix subscription,Entertainment
Festival ticket 199,Entertainment
Zoo visit,Entertainment
Hobby class,Entertainment
Theater play,Entertainment
Movie tickets,Entertainment
Amusement park 14,Entertainment
Gaming subscription,Entertainment
Netflix and chill,Entertainment
Festival ticket,Entertainment
Exhibition entry,Entertainment
Theme park 15,Entertainment
Karaoke night 490,Entertainment
Arcade games,Entertainment
Exhibition entry,Entertainment
Movie tickets,Entertainment
Concert tickets,Entertainment
Escape room,Entertainment
Movie tickets,Entertainment
Theme park,Entertainment
Museum entry,Entertainment
Video game purchase 329,Entertainment
Concert tickets,Entertainment
Theater show,Entertainment
Comedy show,Entertainment
Cinema movie,Entertainment
Streaming subscription,Entertainment
Streaming subscription,Entertainment
Video game purchase,Entertainment
Sports bar,Entertainment
Movie tickets 400,Entertainment
Stand-up comedy,Entertainment
Sports bar,Entertainment
Escape room,Entertainment
Cinema snacks,Entertainment
Stand-up comedy,Entertainment
Arcade games,Entertainment
Stand-up comedy,Entertainment
Gaming subscription 231,Entertainment
Stand-up comedy,Entertainment
Bowling night,Entertainment
Comedy show,Entertainment
Theme park,Entertainment
Spotify subscription 430,Entertainment
Theme park 447,Entertainment
Netflix and chill 309,Entertainment
Hobby class,Entertainment
Escape room,Entertainment
Concert,Entertainment
Spotify subscription,Entertainment
Concert,Entertainment
Theater show,Entertainment
Live music event,Entertainment
Spotify subscription,Entertainment
Concert,Entertainment
Karaoke night,Entertainment
Movie tickets,Entertainment
Video game purchase 367,Entertainment
Gaming subscription,Entertainment
Hobby class,Entertainment
Video game purchase,Entertainment
Cinema snacks,Entertainment
Festival ticket,Entertainment
Theater play,Entertainment
Concert,Entertainment
Karaoke night 53,Entertainment
Zoo visit,Entertainment
Theme park,Entertainment
Netflix and chill,Entertainment
Cinema snacks,Entertainment
Streaming subscription,Entertainment
Escape room,Entertainment
Cinema snacks,Entertainment
Stand-up comedy,Entertainment
Sports event ticket 367,Entertainment
Movie tickets,Entertainment
Sports event ticket,Entertainment
Karaoke night,Entertainment
Theater play,Entertainment
Amusement park,Entertainment
Cinema snacks,Entertainment
Stand-up comedy,Entertainment
Hobby class,Entertainment
Comedy show,Entertainment
Theater show,Entertainment
Sports bar,Entertainment
Museum entry,Entertainment
Streaming subscription 437,Entertainment
Concert 399,Entertainment
Zoo visit,Entertainment
Concert venue,Entertainment
Theater play,Entertainment
Sports bar,Entertainment
Arcade games,Entertainment
Video game purchase 359,Entertainment
Sports bar,Entertainment
Concert venue 229,Entertainment
Spotify subscription,Entertainment
Mental health session,Health
Medical equipment,Health
Doctor,Health
Medical equipment,Health
Physiotherapy,Health
Clinic visit,Health
Annual checkup 352,Health
Blood test,Health
Medical equipment,Health
Doctor,Health
Health screening,Health
Dental checkup,Health
Clinic visit,Health
Physician visit,Health
Vaccination,Health
X-ray and scan,Health
Doctor consultation,Health
Health screening,Health
Lab tests 87,Health
Eye checkup,Health
Health screening 228,Health
Gym membership,Health
Physiotherapy,Health
X-ray and scan,Health
Health club 262,Health
X-ray and scan,Health
Gym membership,Health
Doctor visit and prescription,Health
Doctor consultation,Health
Vaccination,Health
Hospital bill 151,Health
Annual checkup,Health
Annual checkup 366,Health
Dental surgery,Health
Doctor visit and prescription,Health
Doctor visit and prescription,Health
Annual checkup 486,Health
Hospital visit,Health
Health club 152,Health
Physiotherapy,Health
Pharmacy medicine,Health
Vaccination,Health
Medical equipment 433,Health
Dental surgery,Health
Doctor visit and prescription,Health
Blood test,Health
Hospital bill,Health
Doctor visit and prescription,Health
Physiotherapy,Health
Dental checkup,Health
Gym membership,Health
X-ray and scan 274,Health
Specialist doctor,Health
Health screening,Health
Emergency room,Health
Pharmacy medicine,Health
X-ray and scan,Health
Doctor visit and prescription,Health
Gym membership,Health
Hospital visit,Health
Doctor consultation,Health
Hospital visit,Health
Hospital bill 284,Health
Medical insurance,Health
Dental checkup,Health
Mental health session,Health
Nutritionist,Health
Dental checkup,Health
Gym membership,Health
Medical equipment 108,Health
Pharmacy medicine,Health
Pharmacy medicine,Health
Lab tests,Health
Annual checkup,Health
Eye checkup 336,Health
Vitamin supplements,Health
Physician visit,Health
Physician visit,Health
Eye checkup 193,Health
Health club,Health
Hospital visit,Health
Emergency room,Health
Dental checkup,Health
Dental surgery,Health
Clinic visit,Health
Clinic visit 222,Health
Gym membership,Health
Annual checkup 155,Health
Medical insurance 172,Health
Mental health session,Health
Medical equipment,Health
Health club 232,Health
X-ray and scan,Health
Hospital visit,Health
X-ray and scan,Health
Health club,Health
Clinic visit,Health
Gym membership,Health
Emergency room,Health
Clinic visit,Health
Dental checkup,Health
Hospital bill,Health
Mental health session,Health
Pharmacy medicine 125,Health
Doctor,Health
X-ray and scan,Health
Blood test 83,Health
Mental health session,Health
X-ray and scan,Health
Doctor 75,Health
Health screening,Health
Medical insurance,Health
Physiotherapy,Health
Doctor visit and prescription,Health
Dental surgery,Health
Specialist doctor 401,Health
Eye checkup,Health
Vitamin supplements,Health
Lab tests,Health
Dental surgery,Health
Hospital bill,Health
Medical equipment 370,Health
Medical equipment,Health
Clinic visit,Health
Physician visit,Health
Mental health session,Health
Gym membership,Health
Lab tests,Health
Physician visit 368,Health
Nutritionist,Health
Clinic visit,Health
Physiotherapy 107,Health
Clinic visit 409,Health
Dental surgery 288,Health
Blood test,Health
Clinic visit,Health
Hospital bill,Health
Gym membership 208,Health
Nutritionist,Health
Health screening,Health
Health club,Health
Gym membership 167,Health
Vaccination 243,Health
Mental health session,Health
Hospital bill,Health
Doctor,Health
Blood test 499,Health
Hospital bill,Health
Physician visit 68,Health
Health screening 89,Health
Home decor,Shopping
Discount store,Shopping
Flash sale purchase,Shopping
Clothing store,Shopping
Mall shopping,Shopping
Online shopping 160,Shopping
Thrift shop,Shopping
Flash sale purchase,Shopping
Clearance sale,Shopping
Gift purchase 324,Shopping
Gift shop,Shopping
Electronics sale,Shopping
Clearance sale 447,Shopping
Amazon purchase Shopping 490,Shopping
Mall shopping,Shopping
Online shopping,Shopping
Book store,Shopping
Thrift shop,Shopping
Outlet mall,Shopping
Brand outlet,Shopping
Black Friday sale,Shopping
Shopping,Shopping
Baby products,Shopping
Clothing store,Shopping
Home decor,Shopping
Outlet mall,Shopping
Electronics sale,Shopping
Electronics sale,Shopping
Electronics sale,Shopping
Fashion outlet,Shopping
Gift purchase,Shopping
Flash sale purchase,Shopping
Electronics sale,Shopping
Furniture shopping,Shopping
Department store 30,Shopping
Black Friday sale,Shopping
Thrift shop,Shopping
Home decor,Shopping
Clearance sale,Shopping
Shoe store,Shopping
Outlet mall,Shopping
Warehouse sale,Shopping
Black Friday sale,Shopping
Clothing store,Shopping
Flash sale purchase,Shopping
Department store,Shopping
Fashion outlet 149,Shopping
Outlet mall,Shopping
Mall shopping,Shopping
Black Friday sale,Shopping
Furniture shopping,Shopping
Online shopping,Shopping
Book store,Shopping
Electronics purchase,Shopping
Clearance sale,Shopping
Fashion outlet,Shopping
Clothing store,Shopping
Warehouse sale,Shopping
Online shopping,Shopping
Thrift shop,Shopping
Furniture shopping 54,Shopping
Baby products,Shopping
Electronics sale,Shopping
Fashion outlet,Shopping
Shoe store,Shopping
Baby products,Shopping
Electronics purchase 370,Shopping
Electronics sale,Shopping
Flash sale purchase,Shopping
Thrift shop,Shopping
Gift purchase,Shopping
Thrift shop,Shopping
Baby products,Shopping
Gift shop,Shopping
Clearance sale,Shopping
Flash sale purchase,Shopping
Discount store,Shopping
Outlet mall,Shopping
Fashion outlet,Shopping
Furniture shopping,Shopping
Clearance sale,Shopping
Gift shop,Shopping
Mall shopping 247,Shopping
Online shopping,Shopping
Shopping,Shopping
Clearance sale,Shopping
Gift shop 250,Shopping
Home decor,Shopping
Gift shop,Shopping
Baby products 353,Shopping
Department store 490,Shopping
Discount store 14,Shopping
Warehouse sale,Shopping
Gift purchase,Shopping
Shoe store,Shopping
Book store,Shopping
Outlet mall,Shopping
Gift shop,Shopping
Discount store 111,Shopping
Brand outlet,Shopping
Retail therapy,Shopping
Baby products,Shopping
Home decor,Shopping
Brand outlet,Shopping
Fashion outlet,Shopping
Gift shop,Shopping
Shopping,Shopping
Thrift shop,Shopping
Department store,Shopping
Black Friday sale,Shopping
Black Friday sale,Shopping
Discount store,Shopping
Discount store,Shopping
Outlet mall,Shopping
Shopping,Shopping
Black Friday sale 351,Shopping
Brand outlet,Shopping
Baby products,Shopping
Book store,Shopping
Black Friday sale 494,Shopping
Discount store 478,Shopping
Warehouse sale,Shopping
Gift shop,Shopping
Shoe store,Shopping
Online shopping,Shopping
Discount store,Shopping
Furniture shopping,Shopping
Clearance sale,Shopping
Electronics purchase,Shopping
Flash sale purchase,Shopping
Department store 216,Shopping
Electronics sale,Shopping
Furniture shopping,Shopping
Gift purchase 286,Shopping
Home decor,Shopping
Outlet mall,Shopping
Shoe store,Shopping
Black Friday sale,Shopping
Mall shopping 398,Shopping
Clothing store,Shopping
Department store,Shopping
Gift shop,Shopping
Electronics purchase,Shopping
Home decor,Shopping
Home decor,Shopping
Electronics purchase,Shopping
Baby products,Shopping
Home decor,Shopping
Black Friday sale,Shopping
Amazon purchase Shopping,Shopping
Seminar fee 176,Education
MBA course fee,Education
Bootcamp fee,Education
Executive education,Education
Programming bootcamp,Education
Skill upgrade course,Education
Tuition fee 88,Education
Evening course,Education
Certification exam,Education
Online course fee,Education
Tuition fee,Education
Diploma program,Education
Language course,Education
Bootcamp fee,Education
School fee,Education
Data science course 347,Education
Online certification 76,Education
Executive education,Education
Training program 201,Education
Training program,Education
Certification exam,Education
MBA course fee,Education
Conference fee 339,Education
Webinar registration,Education
Books from bookstore,Education
Skill upgrade course,Education
Professional course,Education
Night class,Education
Night class 474,Education
MBA course fee,Education
Training program,Education
Programming bootcamp,Education
Skill upgrade course,Education
Seminar fee,Education
Night class,Education
Executive education,Education
Tuition fee,Education
Textbook purchase,Education
Diploma program,Education
Workshop fee,Education
Online degree,Education
Night class,Education
Conference fee 429,Education
Workshop attendance,Education
Textbook purchase,Education
Programming bootcamp 442,Education
Online degree,Education
Diploma program,Education
Conference fee,Education
Online degree,Education
Books from bookstore,Education
Online degree,Education
Conference fee 241,Education
Diploma program,Education
Evening course 135,Education
School fee 116,Education
Conference fee 221,Education
Webinar registration,Education
Workshop attendance,Education
University tuition,Education
Executive education 214,Education
Language course,Education
Course material,Education
Evening course,Education
Short course fee,Education
Professional course,Education
Professional course,Education
Diploma program,Education
Workshop fee,Education
Bootcamp fee,Education
Online certification 280,Education
Professional course,Education
Evening course,Education
School fee 16,Education
MBA course fee,Education
Evening course,Education
Workshop attendance,Education
Training program,Education
Webinar registration 101,Education
Evening course,Education
Books from bookstore,Education
Short course fee,Education
Online course fee,Education
University tuition 22,Education
Skill upgrade course,Education
Night class,Education
Training program,Education
Professional course,Education
Workshop attendance,Education
Workshop fee,Education
Programming bootcamp,Education
MBA course fee,Education
Evening course,Education
Conference fee,Education
Diploma program,Education
Training program,Education
Programming bootcamp,Education
Online degree,Education
MBA course fee,Education
Workshop attendance,Education
Evening course,Education
Bootcamp fee,Education
Workshop attendance,Education
Webinar registration,Education
Diploma program,Education
Online degree,Education
Short course fee,Education
MBA course fee,Education
Course material,Education
Training program,Education
MBA course fee,Education
Programming bootcamp,Education
Books from bookstore,Education
Short course fee,Education
Programming bootcamp,Education
Certification exam,Education
Bootcamp fee 235,Education
Workshop fee,Education
Workshop attendance,Education
Textbook purchase 198,Education
Diploma program,Education
Books from bookstore,Education
Textbook purchase,Education
Conference fee,Education
Workshop attendance,Education
Textbook purchase,Education
Data science course,Education
Online course fee,Education
Textbook purchase,Education
Online certification,Education
Course material,Education
Training program,Education
Night class,Education
Training program,Education
Course material,Education
Skill upgrade course,Education
Webinar registration,Education
Webinar registration,Education
Executive education,Education
Tuition fee,Education
Executive education,Education
Data science course,Education
Webinar registration,Education
Books from bookstore,Education
Training program,Education
Online course fee,Education
Conference fee,Education
Short course fee,Education
Textbook purchase,Education
Professional course,Education
Commission earned,Salary
Overtime salary,Salary
Refund received,Salary
Freelance project,Salary
Overtime salary,Salary
Royalty income 412,Salary
Gig economy pay 373,Salary
Incentive pay,Salary
Incentive pay,Salary
Monthly salary,Salary
Freelance payment received,Salary
Salary credit 8,Salary
Contract payment 327,Salary
Commission earned 82,Salary
Salary credit,Salary
Royalty income,Salary
Back pay,Salary
Back pay,Salary
Salary credit,Salary
Salary credit,Salary
Contract payment 276,Salary
Wage payment,Salary
Stocks dividend 421,Salary
Paycheck,Salary
Consulting fee 54,Salary
Tips received 103,Salary
Back pay,Salary
Gig economy pay,Salary
Performance bonus 496,Salary
Performance bonus,Salary
Commission earned,Salary
Commission earned,Salary
Freelance payment received,Salary
Overtime salary,Salary
Freelance payment received,Salary
Performance bonus,Salary
Monthly salary,Salary
Paycheck 260,Salary
Contract payment,Salary
Refund received,Salary
Bonus payment,Salary
Monthly salary,Salary
Paycheck,Salary
Freelance project,Salary
Freelance payment received,Salary
Dividend income,Salary
Advance payment,Salary
Consulting fee,Salary
Refund received 111,Salary
Advance payment 425,Salary
Paycheck,Salary
Freelance payment received,Salary
Advance payment,Salary
Performance bonus,Salary
Incentive pay,Salary
Income,Salary
Paycheck,Salary
Tips received,Salary
Gig economy pay 228,Salary
Commission earned,Salary
Refund received,Salary
Back pay,Salary
Performance bonus,Salary
Refund received 144,Salary
Royalty income,Salary
Gig economy pay,Salary
Performance bonus,Salary
Salary credit,Salary
Performance bonus 321,Salary
Stocks dividend,Salary
Paycheck 142,Salary
Part-time income,Salary
Overtime salary 204,Salary
Refund received,Salary
Freelance payment received 162,Salary
Royalty income,Salary
Dividend income 49,Salary
Consulting fee,Salary
Incentive pay,Salary
Contract payment 50,Salary
Gig economy pay,Salary
Back pay,Salary
Refund received,Salary
Salary credit,Salary
Performance bonus,Salary
Wage payment,Salary
Commission earned,Salary
Consulting fee,Salary
Consulting fee 159,Salary
Dividend income,Salary
Freelance payment received 146,Salary
Contract payment,Salary
Freelance payment received,Salary
Commission earned,Salary
Freelance project,Salary
Overtime pay,Salary
Part-time income,Salary
Performance bonus,Salary
Back pay,Salary
Refund received,Salary
Contract payment,Salary
Overtime salary,Salary
Part-time income,Salary
Back pay,Salary
Overtime pay,Salary
Consulting fee,Salary
Refund received,Salary
Paycheck,Salary
Advance payment,Salary
Refund received,Salary
Performance bonus,Salary
Advance payment 284,Salary
Consulting fee,Salary
Incentive pay 377,Salary
Royalty income,Salary
Overtime pay,Salary
Stocks dividend,Salary
Freelance payment received,Salary
Contract payment,Salary
Part-time income,Salary
Commission earned,Salary
Part-time income,Salary
Performance bonus 311,Salary
Freelance project,Salary
Incentive pay,Salary
Paycheck,Salary
Monthly salary,Salary
Gig economy pay,Salary
Incentive pay,Salary
Freelance payment received 132,Salary
Salary credit,Salary
Consulting fee,Salary
Monthly salary,Salary
Overtime salary,Salary
Performance bonus,Salary
Refund received,Salary
Contract payment 55,Salary
Dividend income,Salary
Wage payment,Salary
Advance payment,Salary
Commission earned,Salary
Performance bonus,Salary
Salary credit,Salary
Tips received 17,Salary
Freelance project 217,Salary
Freelance payment received 486,Salary
Wage payment 164,Salary
Refund received,Salary
Overtime pay,Salary
Gig economy pay,Salary
Other expense,Others
Other expense,Others
Charity donation 368,Others
Cash withdrawal 180,Others
Cash withdrawal,Others
Bank fee,Others
Transfer to savings,Others
Bank fee,Others
Uncategorized,Others
Transfer to savings,Others
Bank fee 341,Others
Uncategorized,Others
Transfer to savings,Others
Uncategorized,Others
Transfer to savings,Others
Cash withdrawal,Others
Bank fee,Others
Transfer to savings,Others
Charity donation,Others
Other expense,Others
Gift to family,Others
Uncategorized,Others
Gift to family,Others
Other expense,Others
Charity donation,Others
Cash withdrawal,Others
Gift to family 161,Others
Cash withdrawal 360,Others
Bank fee,Others
Uncategorized,Others
Uncategorized,Others
Other expense,Others
Bank fee,Others
Other expense,Others
Bank fee,Others
Other expense,Others
Gift to family,Others
Other expense 422,Others
Uncategorized,Others
Other expense,Others
Other expense,Others
Other expense,Others
Cash withdrawal,Others
Transfer to savings,Others
Charity donation,Others
Charity donation 239,Others
Other expense,Others
Cash withdrawal,Others
Charity donation,Others
Gift to family,Others
Miscellaneous expense,Others
Other expense,Others
Uncategorized 429,Others
Transfer to savings,Others
Miscellaneous expense,Others
Gift to family,Others
Cash withdrawal,Others
Cash withdrawal,Others
Transfer to savings,Others
Gift to family,Others
Uncategorized 76,Others
Transfer to savings,Others
Miscellaneous expense,Others
Charity donation,Others
Bank fee,Others
Charity donation,Others
Charity donation,Others
Cash withdrawal 389,Others
Uncategorized,Others
Charity donation,Others
Bank fee,Others
Bank fee,Others
Gift to family,Others
Uncategorized,Others
Charity donation,Others
Uncategorized,Others
Cash withdrawal,Others
Charity donation,Others
Gift to family,Others
Other expense,Others
Miscellaneous expense,Others
Cash withdrawal,Others
Other expense,Others
Gift to family,Others
Uncategorized,Others
Uncategorized,Others
Other expense,Others
Charity donation,Others
Bank fee,Others
Other expense,Others
Miscellaneous expense 325,Others
Other expense 480,Others
Bank fee,Others
Miscellaneous expense,Others
Uncategorized,Others
Bank fee,Others
Charity donation 482,Others
Charity donation 189,Others
Charity donation 345,Others
Bank fee 325,Others
Charity donation,Others
Transfer to savings,Others
Cash withdrawal,Others
Miscellaneous expense,Others
Cash withdrawal 120,Others
Other expense 361,Others
Gift to family,Others
Uncategorized,Others
Other expense 201,Others
Cash withdrawal,Others
Cash withdrawal 193,Others
Charity donation 401,Others
Bank fee,Others
Bank fee 293,Others
Miscellaneous expense,Others
Bank fee,Others
Transfer to savings,Others
Bank fee,Others
Other expense,Others
Cash withdrawal,Others
Bank fee,Others
Uncategorized,Others
Uncategorized,Others
Bank fee,Others
Cash withdrawal,Others
Charity donation,Others
Miscellaneous expense,Others
Charity donation,Others
Transfer to savings,Others
Charity donation,Others
Transfer to savings,Others
Cash withdrawal,Others
Cash withdrawal,Others
Miscellaneous expense,Others
Gift to family 445,Others
Uncategorized,Others
Bank fee,Others
Cash withdrawal 39,Others
Miscellaneous expense,Others
Miscellaneous expense,Others
Uncategorized,Others
Uncategorized,Others
Uncategorized 279,Others
Bank fee,Others
Charity donation 476,Others
Transfer to savings,Others
Bank fee,Others
Uncategorized,Others
Cash withdrawal,Others
Uncategorized,Others
