Date,Transaction Description,Category,Amount
2020-01-02,Score each.,Food & Drink,148569.0
2020-01-02,Quality throughout.,Utilities,147558.0
2020-01-04,Instead ahead despite measure ago.,Rent,118508.0
2020-01-05,Information last everything thank serve.,Investment,22910.0
2020-01-13,Future choice whatever from.,Food & Drink,112688.0
2020-01-14,Benefit suggest page southern.,Shopping,44868.0
2020-01-18,By two bad fall pick.,Food & Drink,152003.0
2020-01-19,Court attorney product significant world.,Other,32870.0
2020-01-21,Herself law.,Entertainment,191485.0
2020-01-25,Have decide environment.,Rent,76606.0
2020-01-25,Play move each left establish.,Health & Fitness,121141.0
2020-01-26,Range successful simply.,Salary,107709.0
2020-01-29,Source husband.,Shopping,16681.0
2020-01-30,Tree note responsibility.,Health & Fitness,115893.0
2020-01-31,How trip learn enter.,Food & Drink,132591.0
2020-01-31,Much section investment on gun.,Rent,171208.0
2020-01-31,Management sense technology check civil.,Shopping,56317.0
2020-02-02,As high you more wife.,Health & Fitness,33368.0
2020-02-04,Race mr.,Travel,140662.0
2020-02-05,Born itself law west.,Rent,122217.0
2020-02-05,Seven medical blood personal.,Investment,18380.0
2020-02-07,Current hear claim well two.,Travel,197915.0
2020-02-07,Food affect upon these story.,Entertainment,137238.0
2020-02-08,Around there water.,Food & Drink,46581.0
2020-02-08,Staff within mouth call.,Other,37860.0
2020-02-09,Close month parent who up.,Entertainment,182714.0
2020-02-11,Human public health.,Health & Fitness,43313.0
2020-02-13,Building different full open.,Salary,29431.0
2020-02-15,Detail audience piece director town.,Other,40090.0
2020-02-16,Method everything.,Shopping,73037.0
2020-02-16,Much rich think.,Utilities,102396.0
2020-02-18,Drug list imagine behind.,Investment,13980.0
2020-02-19,Interest level rock pull.,Investment,39580.0
2020-02-20,I fund.,Shopping,76942.0
2020-02-26,Court movie cell.,Travel,194245.0
2020-02-27,Leg themselves away.,Food & Drink,136376.0
2020-02-28,Anything yourself.,Other,32860.0
2020-02-28,Unit support.,Other,17950.0
2020-02-29,Magazine degree husband around.,Travel,194406.0
2020-03-03,World enter.,Rent,174233.0
2020-03-04,Institution whatever yet.,Entertainment,31415.0
2020-03-04,Choice father why often.,Food & Drink,12019.0
2020-03-09,Security arm.,Rent,185891.0
2020-03-09,Me system church whether.,Travel,48651.0
2020-03-11,Attention attack technology.,Rent,18045.0
2020-03-11,Walk now often.,Rent,195619.0
2020-03-12,Bank price north first end.,Utilities,2655.0
2020-03-12,Enter capital population.,Utilities,53746.0
2020-03-14,Upon very act perform.,Shopping,192908.0
2020-03-15,Available defense.,Entertainment,142877.0
2020-03-18,Value thing these.,Health & Fitness,88182.0
2020-03-21,Citizen street region.,Rent,50333.0
2020-03-23,Property never.,Investment,23850.0
2020-03-23,Enough threat score.,Food & Drink,15128.0
2020-03-24,Example decision garden.,Entertainment,14413.0
2020-03-28,Major town suffer begin.,Other,10800.0
2020-04-01,Analysis four capital.,Travel,134127.0
2020-04-05,Scientist necessary into.,Utilities,144947.0
2020-04-06,Away third.,Salary,49356.0
2020-04-06,Along hard need involve among.,Shopping,38892.0
2020-04-10,Together decide.,Other,34020.0
2020-04-17,Government nice.,Salary,172904.0
2020-04-17,See understand door class son.,Investment,9960.0
2020-04-18,Agent say forward us.,Health & Fitness,160318.0
2020-04-22,City red him.,Investment,20580.0
2020-04-23,Develop staff least figure.,Utilities,84954.0
2020-04-25,Age cover foreign.,Entertainment,175023.0
2020-04-26,Go meeting quickly.,Investment,9140.0
2020-04-26,Voice boy wife condition.,Food & Drink,19383.0
2020-04-27,Board its.,Entertainment,34096.0
2020-04-27,Paper memory history office.,Entertainment,173065.0
2020-04-29,Remember ability.,Utilities,76416.0
2020-04-30,Hair attorney professional.,Travel,185377.0
2020-05-01,Finish summer rest feel finally.,Travel,85178.0
2020-05-03,I fast camera inside.,Salary,31805.0
2020-05-03,Past feeling nature.,Food & Drink,116257.0
2020-05-05,Expert involve oil.,Health & Fitness,12376.0
2020-05-06,Kid put memory soldier.,Utilities,12319.0
2020-05-06,Exist professional.,Utilities,14636.0
2020-05-07,Stand seem.,Investment,38070.0
2020-05-11,Southern challenge animal.,Investment,8250.0
2020-05-12,Sure authority increase picture create.,Shopping,131817.0
2020-05-13,Hundred challenge reach throughout.,Health & Fitness,187007.0
2020-05-14,Despite sound receive let.,Health & Fitness,48499.0
2020-05-15,True building card.,Travel,91988.0
2020-05-16,Write other wear through partner.,Rent,2854.0
2020-05-17,Store natural today season.,Rent,15579.0
2020-05-19,Else easy point she.,Travel,27359.0
2020-05-20,Phone ever back experience.,Rent,175975.0
2020-05-21,Floor music catch discuss.,Utilities,88199.0
2020-05-25,Ask imagine my.,Travel,122724.0
2020-05-27,Deal information.,Food & Drink,133905.0
2020-05-28,Task she.,Rent,187847.0
2020-05-29,Accept goal send table.,Investment,13760.0
2020-05-30,Section national owner determine detail.,Utilities,55197.0
2020-05-31,Ahead from quickly identify.,Health & Fitness,41516.0
2020-05-31,Try wonder move trade.,Travel,101576.0
2020-06-01,Base investment.,Food & Drink,19367.0
2020-06-02,Anyone here deep.,Travel,9773.0
2020-06-05,Seven here sell story.,Utilities,127786.0
2020-06-06,Like see.,Salary,110784.0
2020-06-07,Difference attention whatever american.,Food & Drink,23263.0
2020-06-08,Current after charge.,Utilities,109572.0
2020-06-09,Prove nor design record.,Utilities,86528.0
2020-06-09,Paper white responsibility.,Other,8260.0
2020-06-10,Blue agent find.,Entertainment,136731.0
2020-06-10,Walk cup option store.,Health & Fitness,156243.0
2020-06-11,Recent feeling.,Shopping,194794.0
2020-06-11,Site girl into have media.,Entertainment,173057.0
2020-06-12,Support state.,Utilities,176402.0
2020-06-14,Whether player stock religious.,Other,38720.0
2020-06-15,Safe whole establish.,Entertainment,54094.0
2020-06-18,Let stay or focus.,Rent,77126.0
2020-06-18,Everything late.,Other,23220.0
2020-06-18,Particular her agreement surface consider.,Other,33640.0
2020-06-19,Something future they red.,Entertainment,45362.0
2020-06-19,Act way beat result major.,Shopping,66324.0
2020-06-21,Position make society behavior.,Travel,70878.0
2020-06-21,Reality fill ok list.,Health & Fitness,187908.0
2020-06-22,International second former reflect.,Other,19620.0
2020-06-22,Edge building court.,Travel,8613.0
2020-06-24,Week real course school everybody.,Health & Fitness,14598.0
2020-06-30,Executive beyond create dinner conference.,Rent,77654.0
2020-06-30,Call animal approach factor want.,Travel,9833.0
2020-07-02,Their off.,Entertainment,7348.0
2020-07-03,Key continue anything wait.,Other,30710.0
2020-07-04,State husband.,Rent,144231.0
2020-07-05,Picture approach chance none fight.,Travel,133712.0
2020-07-06,Newspaper indicate other.,Travel,111328.0
2020-07-06,Herself training father open investment.,Other,19250.0
2020-07-08,Art whether between several personal.,Travel,81809.0
2020-07-11,Church community.,Travel,58096.0
2020-07-12,Able late order.,Health & Fitness,93533.0
2020-07-12,Discuss religious.,Entertainment,102724.0
2020-07-13,Reach under.,Utilities,132111.0
2020-07-17,Boy different chance enter.,Health & Fitness,19584.0
2020-07-20,Arrive society.,Entertainment,134886.0
2020-07-21,Keep light fight.,Entertainment,30323.0
2020-07-21,Matter management ball.,Other,10960.0
2020-07-22,Same page ago director.,Entertainment,143951.0
2020-07-22,Week yourself public especially american.,Shopping,49553.0
2020-07-22,Million kind everything young.,Food & Drink,178639.0
2020-07-23,Why like impact fly.,Rent,155906.0
2020-07-24,Form really explain.,Salary,10993.0
2020-07-28,Already because education break significant.,Rent,91836.0
2020-07-28,Price my.,Health & Fitness,190058.0
2020-07-29,Could gun.,Shopping,166283.0
2020-07-30,Kind appear environment capital explain.,Utilities,148987.0
2020-07-31,Ahead picture son.,Travel,150604.0
2020-08-01,Nearly need behavior.,Travel,153397.0
2020-08-01,Water positive child usually.,Entertainment,55645.0
2020-08-01,Relate indeed lot line lead.,Other,24200.0
2020-08-02,Course out second carry.,Health & Fitness,178712.0
2020-08-03,Significant take future.,Investment,23940.0
2020-08-04,Star executive fear.,Utilities,141577.0
2020-08-04,Your majority chance mrs generation.,Other,32100.0
2020-08-04,Help usually thank wonder draw.,Shopping,13391.0
2020-08-05,Task improve fish.,Shopping,181063.0
2020-08-05,History professional star wonder.,Food & Drink,17149.0
2020-08-06,Call whole.,Shopping,95919.0
2020-08-08,Them key.,Travel,150942.0
2020-08-08,Address century that wide.,Shopping,108106.0
2020-08-09,Sit enter perhaps however.,Entertainment,98158.0
2020-08-13,System teacher here first.,Salary,6776.0
2020-08-14,Along attention piece tv young.,Shopping,145112.0
2020-08-16,Within set region beyond.,Utilities,196164.0
2020-08-17,Tough animal someone.,Shopping,118787.0
2020-08-18,Hear certainly most not.,Rent,128907.0
2020-08-19,Company participant him.,Other,19880.0
2020-08-20,Tree central leave effect.,Other,31810.0
2020-08-21,Together let.,Health & Fitness,68163.0
2020-08-21,Citizen kid generation onto police.,Travel,15065.0
2020-08-22,Lead few yourself.,Travel,167147.0
2020-08-22,Down occur.,Food & Drink,199982.0
2020-08-26,Yeah far within.,Rent,156465.0
2020-08-27,Account ten sing.,Food & Drink,189973.0
2020-08-27,Seat strategy total simply discover.,Investment,17480.0
2020-08-29,Pm per question.,Salary,134222.0
2020-08-30,Best physical always small almost.,Entertainment,93542.0
2020-08-31,Bed far section.,Health & Fitness,3439.0
2020-09-01,Car much will.,Rent,155781.0
2020-09-05,Tree store either station.,Other,13850.0
2020-09-05,Second full boy.,Travel,115584.0
2020-09-06,Senior difficult put.,Shopping,79934.0
2020-09-07,Hand so add mr lawyer.,Rent,118827.0
2020-09-08,Herself police he push likely.,Entertainment,21278.0
2020-09-11,Trip determine as statement.,Rent,159449.0
2020-09-11,Bring animal also you.,Food & Drink,70094.0
2020-09-11,Doctor mr.,Health & Fitness,14722.0
2020-09-16,He we recent music.,Food & Drink,170066.0
2020-09-17,Those pressure street.,Rent,87271.0
2020-09-17,Allow have kitchen.,Salary,141754.0
2020-09-18,Between rate name within.,Travel,123567.0
2020-09-18,Huge couple.,Salary,9351.0
2020-09-22,Begin deep police wife.,Travel,65139.0
2020-09-22,During call north attention.,Rent,56507.0
2020-09-22,Only spend do.,Salary,11440.0
2020-09-23,Able teach certain candidate economy.,Health & Fitness,6711.0
2020-09-23,Produce ago.,Utilities,98022.0
2020-09-25,So draw food company.,Travel,68727.0
2020-09-27,Score moment second.,Travel,111602.0
2020-09-27,Sing message board mean.,Entertainment,18037.0
2020-09-27,Feeling poor all your suggest.,Salary,11148.0
2020-09-29,Make travel.,Salary,129535.0
2020-09-30,Focus chance.,Food & Drink,19518.0
2020-10-01,Person one republican.,Entertainment,61935.0
2020-10-03,Most law painting between reduce.,Salary,111141.0
2020-10-04,Involve thousand including.,Health & Fitness,7101.0
2020-10-07,Indeed believe interview professor.,Travel,51029.0
2020-10-07,Rather listen before.,Investment,30840.0
2020-10-07,It season.,Investment,20690.0
2020-10-08,News only no.,Salary,56023.0
2020-10-08,Improve them wait.,Travel,196122.0
2020-10-10,Why outside.,Travel,46269.0
2020-10-10,Official defense.,Investment,48750.0
2020-10-10,Suggest glass news.,Investment,9460.0
2020-10-12,Off southern suddenly.,Utilities,127936.0
2020-10-14,Participant price.,Rent,174671.0
2020-10-15,Congress reflect.,Salary,96264.0
2020-10-16,Go consider century price.,Food & Drink,51243.0
2020-10-16,Scientist will begin.,Rent,164601.0
2020-10-16,Heavy law church.,Rent,115827.0
2020-10-18,Since nothing be apply.,Utilities,3069.0
2020-10-19,Anyone bank kitchen interest parent.,Travel,17951.0
2020-10-23,Democratic mention generation.,Shopping,121657.0
2020-10-24,Question or money.,Entertainment,155363.0
2020-10-26,Determine worker.,Salary,60173.0
2020-10-27,Daughter war.,Shopping,61771.0
2020-10-27,Face build market.,Rent,18957.0
2020-10-27,Can mouth discover.,Entertainment,53665.0
2020-10-28,Author technology amount affect.,Investment,19230.0
2020-10-29,Office of remember individual.,Utilities,1532.0
2020-10-30,Again foot soon peace.,Salary,58961.0
2020-10-31,Join black.,Travel,140895.0
2020-11-01,Hundred bad that second develop.,Entertainment,184858.0
2020-11-01,Member box.,Entertainment,85603.0
2020-11-02,Town glass road.,Utilities,181774.0
2020-11-04,Bill eight community.,Rent,12868.0
2020-11-06,Concern significant.,Travel,88392.0
2020-11-07,Senior service large under.,Travel,140247.0
2020-11-09,Follow wife firm key light.,Salary,88114.0
2020-11-10,Option goal avoid.,Shopping,147172.0
2020-11-10,Also hard expert popular.,Food & Drink,19174.0
2020-11-12,Order his oil west school.,Food & Drink,199915.0
2020-11-12,Training occur could painting.,Travel,115673.0
2020-11-14,Whatever late specific.,Utilities,9463.0
2020-11-14,Mean common.,Travel,37116.0
2020-11-14,Yard model particular hair.,Salary,193842.0
2020-11-14,Impact full our smile.,Shopping,67328.0
2020-11-15,Form newspaper.,Utilities,66631.0
2020-11-15,Edge surface who.,Travel,132854.0
2020-11-16,Bank professional true financial.,Food & Drink,9151.0
2020-11-16,Organization visit finally.,Health & Fitness,24068.0
2020-11-17,Spend prove stock school.,Food & Drink,131874.0
2020-11-20,Position interest.,Shopping,11787.0
2020-11-22,Guy congress.,Salary,125456.0
2020-11-23,Way main difficult case.,Entertainment,54144.0
2020-11-25,Such big side.,Other,40890.0
2020-11-25,Product then.,Salary,25164.0
2020-11-26,Heavy class story side speak.,Entertainment,142247.0
2020-11-27,Analysis hair rest wide.,Food & Drink,110898.0
2020-11-27,Doctor dream whole six.,Investment,42800.0
2020-11-29,Question now key show.,Utilities,100177.0
2020-12-01,Month whom stage soon.,Travel,83683.0
2020-12-05,Appear lose he.,Salary,49502.0
2020-12-05,Surface expect several evening town.,Shopping,38931.0
2020-12-06,Begin treat stage this.,Utilities,172941.0
2020-12-10,Apply maybe dog yes.,Shopping,68635.0
2020-12-10,Agreement us stuff.,Travel,164289.0
2020-12-11,Case expert stop.,Travel,167658.0
2020-12-12,Large accept bad eight.,Salary,173187.0
2020-12-13,Vote participant institution simply down.,Salary,6968.0
2020-12-14,Draw police.,Shopping,91614.0
2020-12-14,Book toward.,Entertainment,196174.0
2020-12-16,Place offer.,Shopping,47479.0
2020-12-16,Investment pass drive.,Food & Drink,64317.0
2020-12-16,Professor beat window.,Shopping,7783.0
2020-12-18,Name skill medical after them.,Utilities,9957.0
2020-12-18,Wonder effect administration small.,Other,13220.0
2020-12-20,Run pick sign.,Salary,20843.0
2020-12-20,And national spend.,Food & Drink,144766.0
2020-12-22,Wonder long consider care.,Utilities,15891.0
2020-12-23,Fall analysis.,Travel,68374.0
2020-12-23,Firm financial.,Rent,170501.0
2020-12-24,List already positive experience television.,Shopping,190874.0
2020-12-25,Event son join hundred.,Salary,174604.0
2020-12-26,Fund cost reality happen.,Investment,24230.0
2020-12-28,Song risk bad.,Travel,199488.0
2020-12-30,Family bill foreign fast knowledge.,Shopping,195689.0
2020-12-31,Ready goal amount.,Rent,89292.0
2021-01-01,Your ever woman way avoid.,Food & Drink,10152.0
2021-01-06,Message seek civil all.,Travel,72334.0
2021-01-06,Call door.,Entertainment,106702.0
2021-01-08,Him note painting quickly.,Utilities,34827.0
2021-01-10,Know baby case happen.,Other,24720.0
2021-01-10,Economic box save.,Utilities,47206.0
2021-01-11,Hit no energy employee land.,Salary,5181.0
2021-01-12,Customer career available common.,Other,28560.0
2021-01-13,Specific whose.,Utilities,15699.0
2021-01-13,Remember nearly face feel.,Travel,128149.0
2021-01-14,Soldier meeting building.,Travel,9191.0
2021-01-14,Door management guess.,Shopping,170814.0
2021-01-15,Level work candidate this.,Other,34400.0
2021-01-15,Huge response long.,Travel,5366.0
2021-01-17,Statement available win politics.,Shopping,55622.0
2021-01-17,Quite general there sister.,Food & Drink,182213.0
2021-01-19,Item treat area.,Travel,155372.0
2021-01-20,Check clearly follow remember generation.,Health & Fitness,44582.0
2021-01-24,Suffer economy play.,Other,16200.0
2021-01-26,By field move.,Food & Drink,62478.0
2021-01-27,Option oil commercial.,Health & Fitness,14674.0
2021-01-27,American tell ball we side.,Other,31760.0
2021-01-27,Short indicate police.,Utilities,40958.0
2021-01-27,Nation politics few each southern.,Health & Fitness,10664.0
2021-01-29,Law read citizen.,Utilities,52137.0
2021-02-02,Less future century technology.,Salary,193509.0
2021-02-05,Wish candidate have no.,Health & Fitness,161042.0
2021-02-05,Letter environment easy.,Rent,29011.0
2021-02-08,Face his.,Shopping,193487.0
2021-02-08,While total spend.,Health & Fitness,1897.0
2021-02-09,Couple city you level.,Travel,107778.0
2021-02-09,Age war measure whom.,Travel,117327.0
2021-02-11,Good anything manager think pressure.,Health & Fitness,22561.0
2021-02-11,Mr suggest issue.,Food & Drink,12429.0
2021-02-13,Shake hand hundred now.,Health & Fitness,183136.0
2021-02-16,Network available mean share.,Rent,127445.0
2021-02-18,Quite budget window hour some.,Travel,130199.0
2021-02-19,Voice sense current meeting matter.,Investment,8040.0
2021-02-20,Case four.,Salary,24108.0
2021-02-21,Lead paper middle foreign party.,Utilities,78341.0
2021-02-23,Wrong school federal from.,Shopping,117881.0
2021-02-24,Majority none little admit former.,Shopping,131329.0
2021-02-27,On someone rise read.,Shopping,187872.0
2021-02-28,Listen whose situation simply officer.,Health & Fitness,44237.0
2021-03-02,Lose modern return simple herself.,Entertainment,171235.0
2021-03-02,Occur red.,Other,49600.0
2021-03-02,Kid industry.,Health & Fitness,13049.0
2021-03-04,Improve simple turn.,Rent,189853.0
2021-03-05,Million night your.,Rent,132891.0
2021-03-05,Heavy what least mouth national.,Food & Drink,11065.0
2021-03-07,Machine whatever everything fear walk.,Utilities,157609.0
2021-03-07,Relate real major.,Entertainment,11769.0
2021-03-08,Night various return explain.,Entertainment,66383.0
2021-03-09,Here woman stand west source.,Investment,27710.0
2021-03-09,Explain research.,Utilities,197518.0
2021-03-10,Pretty section degree still.,Utilities,22875.0
2021-03-12,Receive case past only drug.,Utilities,3957.0
2021-03-15,Point appear including.,Entertainment,118182.0
2021-03-15,Race case.,Other,9290.0
2021-03-16,Imagine various there.,Other,48090.0
2021-03-16,Sense expert experience.,Investment,44010.0
2021-03-17,Present discussion.,Health & Fitness,103134.0
2021-03-17,Individual study value.,Investment,8550.0
2021-03-18,Small control see the.,Travel,9215.0
2021-03-19,Across nothing.,Food & Drink,199719.0
2021-03-20,Expect writer myself management.,Shopping,137533.0
2021-03-21,Life cover both class.,Salary,15625.0
2021-03-22,Responsibility add front.,Investment,10380.0
2021-03-22,Purpose cover particularly police if.,Other,36200.0
2021-03-22,Foreign husband believe word local.,Travel,91289.0
2021-03-23,End dog.,Rent,158826.0
2021-03-23,Few reveal activity president.,Investment,40230.0
2021-03-24,Property let.,Entertainment,83349.0
2021-03-25,Rather type thousand show.,Shopping,83782.0
2021-03-26,Happen determine whatever.,Other,30600.0
2021-03-27,Lawyer writer health.,Health & Fitness,190765.0
2021-03-28,Serious soon stay seven.,Salary,1436.0
2021-03-29,Land region back nor article.,Rent,86943.0
2021-03-30,Dark mr clearly take.,Health & Fitness,162542.0
2021-04-01,Quite response.,Health & Fitness,134333.0
2021-04-02,Together knowledge.,Shopping,17375.0
2021-04-03,Car indeed nor next.,Travel,120482.0
2021-04-03,How staff.,Entertainment,31791.0
2021-04-03,Authority interest red must art.,Rent,70673.0
2021-04-08,All important shoulder she.,Rent,152759.0
2021-04-08,Year him thank trade.,Shopping,169186.0
2021-04-09,Radio product.,Food & Drink,12219.0
2021-04-11,President girl condition.,Travel,6762.0
2021-04-11,More road development about.,Travel,184386.0
2021-04-12,Leg rest interest.,Utilities,174103.0
2021-04-13,Easy get every.,Shopping,14847.0
2021-04-18,Special information.,Food & Drink,1926.0
2021-04-19,Deal beyond almost.,Shopping,84547.0
2021-04-19,Scientist i doctor.,Health & Fitness,63016.0
2021-04-19,Cell year.,Rent,176785.0
2021-04-19,Five our pull fly few.,Investment,11680.0
2021-04-21,Determine feel article we they.,Shopping,97647.0
2021-04-23,Quickly new another general poor.,Travel,43898.0
2021-04-23,Five indicate chance heavy senior.,Health & Fitness,86553.0
2021-04-24,Support feeling remain.,Salary,10586.0
2021-04-27,None whose.,Entertainment,79657.0
2021-04-27,Care drug data position two.,Food & Drink,4168.0
2021-04-27,Movie stop.,Utilities,153068.0
2021-04-30,Help painting always.,Rent,2538.0
2021-05-02,Source onto provide.,Utilities,26708.0
2021-05-04,Decade trade field training.,Entertainment,100552.0
2021-05-04,While bring yourself.,Health & Fitness,15343.0
2021-05-06,Receive region however.,Food & Drink,87808.0
2021-05-07,Focus executive letter possible final.,Rent,17256.0
2021-05-07,Third letter sort reveal seven.,Shopping,14219.0
2021-05-07,Have including none.,Rent,81601.0
2021-05-10,Administration network once.,Utilities,160463.0
2021-05-11,Charge form here.,Health & Fitness,18538.0
2021-05-11,Nearly want front shake.,Entertainment,8770.0
2021-05-12,Leave run goal cause.,Rent,79758.0
2021-05-14,Contain threat wrong whatever.,Health & Fitness,45093.0
2021-05-14,Stuff avoid.,Rent,102586.0
2021-05-15,Include successful.,Investment,33620.0
2021-05-17,Religious across.,Utilities,48018.0
2021-05-19,Health pay project pattern.,Investment,19210.0
2021-05-22,Administration mother in admit.,Rent,36252.0
2021-05-23,Within admit spend purpose south.,Salary,93327.0
2021-05-24,Truth modern.,Salary,136546.0
2021-05-24,People education great.,Health & Fitness,172985.0
2021-05-24,Health image.,Utilities,88513.0
2021-05-25,Wrong difficult range.,Travel,15947.0
2021-05-25,Behavior here.,Health & Fitness,10196.0
2021-05-27,Argue act commercial matter.,Salary,8484.0
2021-05-27,Not teach believe month.,Travel,16269.0
2021-05-29,Deep test thought.,Rent,123387.0
2021-05-30,Another avoid understand.,Salary,116486.0
2021-05-31,Probably conference sure administration debate.,Food & Drink,90497.0
2021-05-31,Up federal nor note.,Entertainment,64984.0
2021-06-02,Forward sense cause write right.,Utilities,191587.0
2021-06-02,Approach join stuff future.,Health & Fitness,196495.0
2021-06-03,Ahead event yeah make.,Investment,8200.0
2021-06-06,Wait it quickly produce beat.,Salary,198206.0
2021-06-06,Require bank child.,Utilities,73416.0
2021-06-06,First blood accept final.,Shopping,82345.0
2021-06-09,Bill beautiful issue.,Food & Drink,158056.0
2021-06-11,Mention billion bed never others.,Rent,66608.0
2021-06-11,Activity including single right.,Shopping,57545.0
2021-06-14,Occur college herself.,Utilities,67339.0
2021-06-15,Feeling manage as.,Utilities,183433.0
2021-06-16,Inside machine baby.,Shopping,26661.0
2021-06-20,Result many pattern.,Rent,62607.0
2021-06-20,Career according.,Health & Fitness,162824.0
2021-06-22,Success here television key.,Rent,129559.0
2021-06-23,Carry fly water cut fire.,Health & Fitness,4628.0
2021-06-24,Fact reason make office.,Entertainment,69005.0
2021-06-26,Heavy staff hotel box.,Entertainment,46082.0
2021-06-27,Or nation race.,Investment,29230.0
2021-06-28,Well left.,Rent,10203.0
2021-06-28,Something story attorney summer.,Food & Drink,132724.0
2021-06-28,Cause field education child.,Utilities,119852.0
2021-06-28,Available wrong look husband.,Investment,18560.0
2021-06-29,Myself so growth time.,Food & Drink,82761.0
2021-07-04,Point be shoulder price great.,Entertainment,193948.0
2021-07-04,Worker quality hundred sell whole.,Salary,47567.0
2021-07-04,Action else.,Salary,180891.0
2021-07-06,Newspaper reach determine hear leg.,Other,42820.0
2021-07-07,General agency bit.,Shopping,101078.0
2021-07-09,Break wait.,Utilities,163561.0
2021-07-09,Find lay deal lot.,Utilities,174727.0
2021-07-10,Just recent.,Other,35400.0
2021-07-10,Feel special.,Rent,142569.0
2021-07-11,Support possible.,Rent,57728.0
2021-07-11,Might necessary former.,Travel,90415.0
2021-07-11,Discussion if continue policy.,Shopping,19251.0
2021-07-12,Ahead pass culture or.,Salary,177041.0
2021-07-13,Relate day.,Shopping,11598.0
2021-07-14,Big the cost for leader.,Entertainment,77847.0
2021-07-15,Month police others particularly.,Investment,7300.0
2021-07-19,Girl suddenly.,Rent,167996.0
2021-07-19,Try opportunity public.,Utilities,28382.0
2021-07-23,Draw bring health.,Salary,139518.0
2021-07-23,Home others offer institution main.,Other,41740.0
2021-07-24,Never majority cell.,Rent,4782.0
2021-07-28,People tend weight machine.,Utilities,110212.0
2021-07-29,White measure manager range.,Shopping,23126.0
2021-08-02,Major bar air set.,Travel,25248.0
2021-08-06,Ever mrs.,Salary,13499.0
2021-08-07,Not significant manager member.,Salary,119751.0
2021-08-07,Environmental myself.,Investment,16760.0
2021-08-08,State among rest national wrong.,Food & Drink,123347.0
2021-08-09,Fear yourself last.,Shopping,38275.0
2021-08-11,Keep yes.,Health & Fitness,14468.0
2021-08-13,Specific onto go.,Food & Drink,7870.0
2021-08-13,Pattern size spend.,Shopping,196227.0
2021-08-15,Go exactly much food region.,Food & Drink,72062.0
2021-08-16,Environment teach world quickly believe.,Investment,13490.0
2021-08-18,Yeah term.,Health & Fitness,27549.0
2021-08-20,Economic represent stock.,Health & Fitness,162888.0
2021-08-21,Central plan physical heart.,Other,44200.0
2021-08-21,Idea seek.,Utilities,13557.0
2021-08-22,Wear force able similar.,Salary,836.0
2021-08-23,Play recently sure somebody.,Entertainment,177272.0
2021-08-24,Why station manager.,Travel,103561.0
2021-08-25,Front official not.,Salary,51409.0
2021-08-27,Thus several animal phone.,Entertainment,57936.0
2021-08-29,Buy tax.,Food & Drink,173294.0
2021-09-05,A when dark read.,Rent,160069.0
2021-09-06,City usually ever.,Shopping,148918.0
2021-09-09,Bar professor power.,Shopping,68468.0
2021-09-09,Personal rise sense investment.,Other,35090.0
2021-09-09,Ability live.,Travel,160428.0
2021-09-10,Difficult quite act receive stage.,Rent,86691.0
2021-09-11,Local director become.,Utilities,109549.0
2021-09-11,Finish thing.,Rent,66256.0
2021-09-11,Similar send card year.,Salary,120922.0
2021-09-11,Most across.,Salary,70958.0
2021-09-15,Goal defense security turn.,Other,40630.0
2021-09-16,Beautiful beyond sell.,Food & Drink,15933.0
2021-09-16,White fire cause everybody.,Health & Fitness,103104.0
2021-09-17,Network outside parent.,Utilities,190605.0
2021-09-17,Day parent country.,Other,7850.0
2021-09-19,Position six soldier.,Investment,35000.0
2021-09-19,History drop point audience.,Food & Drink,121414.0
2021-09-19,Value car team nothing.,Health & Fitness,75031.0
2021-09-19,Raise several west side admit.,Utilities,106363.0
2021-09-20,Energy always.,Travel,50673.0
2021-09-21,Media pick may indeed.,Investment,45880.0
2021-09-28,Policy mrs.,Rent,53094.0
2021-10-01,Base bad tv.,Salary,4370.0
2021-10-07,Force only shake power poor.,Salary,40835.0
2021-10-08,Role suffer around beat.,Investment,42030.0
2021-10-13,Law participant.,Other,12190.0
2021-10-13,Budget remain reduce.,Health & Fitness,13390.0
2021-10-13,Well mission situation result.,Travel,178375.0
2021-10-16,Camera sit environmental though.,Utilities,158946.0
2021-10-20,Southern evening ask republican.,Rent,197041.0
2021-10-21,Baby lawyer growth matter note.,Entertainment,158284.0
2021-10-22,Effort bill off.,Other,43280.0
2021-10-24,Scientist able teach.,Utilities,122778.0
2021-10-24,Animal hair turn.,Other,37610.0
2021-10-27,Need trial.,Salary,105613.0
2021-10-27,Focus indicate result.,Rent,2594.0
2021-10-30,Number budget.,Rent,90545.0
2021-11-03,Development middle animal.,Health & Fitness,26539.0
2021-11-04,Theory tend.,Utilities,153789.0
2021-11-05,Beat lead hard factor.,Investment,15170.0
2021-11-05,Drug happy will young simply.,Travel,33767.0
2021-11-06,Character usually agency.,Entertainment,69859.0
2021-11-07,Player really act friend.,Travel,169341.0
2021-11-10,Billion morning draw.,Travel,25909.0
2021-11-15,Win central.,Rent,101012.0
2021-11-16,Analysis discuss.,Investment,19020.0
2021-11-17,Red head window be.,Health & Fitness,168663.0
2021-11-18,Card star avoid nothing.,Food & Drink,17163.0
2021-11-18,Door end fire.,Travel,130575.0
2021-11-19,Fish evening avoid dark.,Shopping,124004.0
2021-11-21,Choice clearly.,Other,29740.0
2021-11-21,Image movie who debate.,Shopping,60189.0
2021-11-21,Enter build citizen rather.,Investment,17940.0
2021-11-23,Structure foreign before.,Salary,93424.0
2021-11-26,How any federal star.,Utilities,63204.0
2021-11-27,Weight take.,Health & Fitness,195099.0
2021-11-28,Economic left sound cause activity.,Other,47180.0
2021-12-01,Cup hundred rather.,Health & Fitness,49106.0
2021-12-02,Only true avoid young cup.,Other,25300.0
2021-12-03,Begin suggest speak.,Investment,28770.0
2021-12-03,Walk anything.,Shopping,50406.0
2021-12-08,Start house ahead raise.,Utilities,162882.0
2021-12-09,Democrat cost evidence third.,Health & Fitness,38777.0
2021-12-09,People early far include nearly.,Other,45850.0
2021-12-11,Evidence case.,Salary,5612.0
2021-12-12,Eat yes myself affect him.,Salary,193371.0
2021-12-13,Name machine tree maybe.,Health & Fitness,10683.0
2021-12-13,Conference five despite.,Salary,57864.0
2021-12-15,Speak line.,Investment,40300.0
2021-12-15,Yourself wind beyond prevent entire.,Other,34960.0
2021-12-16,Offer work home.,Health & Fitness,10003.0
2021-12-19,Door fish scene.,Investment,34690.0
2021-12-20,Agreement red way nor none.,Rent,77883.0
2021-12-20,My compare also argue.,Travel,165237.0
2021-12-23,Money a.,Rent,26604.0
2021-12-24,Future concern sort.,Other,32770.0
2021-12-26,Against only.,Health & Fitness,151238.0
2021-12-28,Suffer team.,Other,45960.0
2021-12-31,Relate product only from.,Investment,16220.0
2022-01-01,Wish run join.,Salary,104347.0
2022-01-03,Company why really up.,Investment,31860.0
2022-01-03,Program sport her.,Health & Fitness,33338.0
2022-01-03,Concern ability reduce.,Travel,119151.0
2022-01-04,Surface side nothing consider.,Salary,142039.0
2022-01-05,Determine not view cell seat.,Food & Drink,74303.0
2022-01-06,Word collection those become.,Shopping,117157.0
2022-01-08,Activity decide really go.,Food & Drink,119785.0
2022-01-09,Answer just.,Entertainment,144559.0
2022-01-13,This manage her.,Utilities,105322.0
2022-01-13,Big look tell prepare.,Shopping,30407.0
2022-01-14,Later son almost.,Food & Drink,114941.0
2022-01-16,End bit game thousand.,Entertainment,4769.0
2022-01-16,Natural together.,Utilities,83179.0
2022-01-18,Order party lot all.,Salary,174691.0
2022-01-18,Threat church big day couple.,Food & Drink,141449.0
2022-01-21,Enter example down anyone occur.,Health & Fitness,199626.0
2022-01-21,Approach about because.,Shopping,63437.0
2022-01-22,Best deal point.,Other,49750.0
2022-01-23,Such final however major.,Travel,122405.0
2022-01-24,Politics hold.,Investment,27850.0
2022-01-28,Hard knowledge enjoy let.,Entertainment,188356.0
2022-02-01,Nor character recent.,Travel,141275.0
2022-02-02,Property space.,Salary,64091.0
2022-02-05,Dinner article hit mission whole.,Travel,5827.0
2022-02-05,Think live bad total research.,Shopping,179256.0
2022-02-06,Too song quality per build.,Health & Fitness,190967.0
2022-02-08,We cold deep.,Travel,9371.0
2022-02-08,Amount bad raise.,Rent,69926.0
2022-02-09,Challenge organization floor road southern.,Travel,14972.0
2022-02-10,News need task mind.,Travel,186672.0
2022-02-10,Onto site both change note.,Utilities,22736.0
2022-02-10,Understand none.,Entertainment,49249.0
2022-02-10,Test they there.,Entertainment,127951.0
2022-02-11,Pressure occur list common.,Other,32050.0
2022-02-14,Peace race i.,Rent,136557.0
2022-02-17,Real any little environmental.,Investment,38330.0
2022-02-17,Full soldier.,Salary,96012.0
2022-02-17,Successful teach range.,Other,31310.0
2022-02-17,Feel season similar.,Food & Drink,181679.0
2022-02-18,Rock painting become.,Investment,48830.0
2022-02-21,Tree imagine machine.,Food & Drink,182733.0
2022-02-22,Start middle city find.,Investment,7970.0
2022-02-22,Career surface these ahead.,Shopping,157804.0
2022-02-25,Student economic lead.,Other,8060.0
2022-02-27,Ever statement measure.,Investment,32440.0
2022-03-01,Drop major.,Salary,177963.0
2022-03-02,Whether listen necessary.,Other,27350.0
2022-03-04,Study else store.,Investment,32080.0
2022-03-05,Agree anyone take.,Other,26070.0
2022-03-07,Positive question especially.,Food & Drink,147587.0
2022-03-07,After sister should across treatment.,Entertainment,35923.0
2022-03-12,Song difference part wall require.,Shopping,165571.0
2022-03-14,Time surface learn design.,Rent,80766.0
2022-03-17,Station however bill memory production.,Investment,44110.0
2022-03-17,Positive participant fear blue as.,Entertainment,2359.0
2022-03-18,Technology end represent throughout.,Salary,150998.0
2022-03-18,Change she tonight.,Travel,11691.0
2022-03-18,Race return pretty young.,Travel,131083.0
2022-03-20,Identify say on yes.,Food & Drink,133889.0
2022-03-20,Risk develop movement size.,Utilities,81678.0
2022-03-22,Feel color price next.,Travel,138368.0
2022-03-23,Likely scientist.,Travel,74141.0
2022-03-23,Water tonight pressure.,Utilities,96158.0
2022-03-24,Development the inside thought.,Health & Fitness,83753.0
2022-03-25,One less brother.,Salary,151713.0
2022-03-26,Oil per line create build.,Entertainment,15261.0
2022-03-27,Fear approach take case customer.,Rent,105576.0
2022-03-28,Throughout would century television congress.,Health & Fitness,16542.0
2022-03-28,Forward would finish around.,Food & Drink,165926.0
2022-03-28,Decide similar office.,Entertainment,114968.0
2022-03-28,Size sister can its.,Other,47620.0
2022-03-29,Investment local above move.,Entertainment,143667.0
2022-03-29,Throughout series.,Salary,16193.0
2022-03-31,Adult above safe.,Shopping,91903.0
2022-03-31,Fine bill me fill.,Other,30240.0
2022-03-31,Fear fact.,Shopping,51637.0
2022-04-01,Model its rather card you.,Investment,10980.0
2022-04-01,Seek close trade speech.,Other,10220.0
2022-04-01,Difference world deep.,Food & Drink,186982.0
2022-04-01,Mean but represent society heart.,Other,7590.0
2022-04-02,Perhaps order answer blue structure.,Utilities,154025.0
2022-04-02,Indicate herself.,Shopping,75518.0
2022-04-03,Listen check receive.,Salary,174054.0
2022-04-03,Inside big minute.,Shopping,1697.0
2022-04-04,Store bit responsibility brother.,Utilities,131053.0
2022-04-05,Marriage participant.,Utilities,198577.0
2022-04-08,Win group important civil nature.,Utilities,145844.0
2022-04-09,Former able public trade.,Food & Drink,15148.0
2022-04-09,Chance bed memory rich.,Salary,135026.0
2022-04-10,Popular lead with.,Shopping,164849.0
2022-04-10,Anyone spend them system.,Health & Fitness,31869.0
2022-04-16,International break surface three.,Investment,7630.0
2022-04-18,Professional color group.,Shopping,12337.0
2022-04-18,Environmental run head garden box.,Food & Drink,48893.0
2022-04-21,Even history surface son.,Investment,41570.0
2022-04-22,Car risk.,Food & Drink,49702.0
2022-04-22,Indeed opportunity.,Other,24190.0
2022-04-24,Consider here grow agreement.,Food & Drink,28887.0
2022-04-24,Turn both in animal.,Entertainment,163341.0
2022-04-29,Actually than modern season.,Health & Fitness,115917.0
2022-04-30,Within prove full.,Health & Fitness,48144.0
2022-05-02,Believe product eat generation put.,Entertainment,83298.0
2022-05-02,Stuff next write.,Utilities,125573.0
2022-05-03,Poor church.,Salary,1033.0
2022-05-05,Thank avoid man drive.,Shopping,157375.0
2022-05-05,Medical nearly.,Shopping,82244.0
2022-05-06,Stage bad know of.,Utilities,151129.0
2022-05-07,Language budget market president.,Entertainment,60847.0
2022-05-07,Include news a before.,Salary,183033.0
2022-05-07,None pressure lay future stay.,Shopping,11190.0
2022-05-08,Forward should outside respond.,Investment,25880.0
2022-05-08,Box service develop game.,Rent,184523.0
2022-05-09,Miss reduce animal clearly cell.,Rent,107591.0
2022-05-09,Effect cultural.,Food & Drink,54424.0
2022-05-11,Democratic station course full.,Food & Drink,17485.0
2022-05-13,Unit study.,Investment,44270.0
2022-05-13,Leader operation mean white.,Health & Fitness,61334.0
2022-05-14,Save network item one under.,Entertainment,187495.0
2022-05-19,Community spring billion price paper.,Rent,149629.0
2022-05-19,Thing industry participant realize.,Entertainment,13943.0
2022-05-20,Huge garden family.,Shopping,18311.0
2022-05-20,Include record security.,Travel,76752.0
2022-05-22,Team republican very plan cut.,Health & Fitness,62376.0
2022-05-23,Tv car report window.,Salary,93735.0
2022-05-24,My pm report set.,Salary,152564.0
2022-05-24,Old wall report purpose.,Entertainment,7477.0
2022-05-25,There institution actually.,Entertainment,148509.0
2022-05-27,Herself apply.,Other,29180.0
2022-05-28,Environment size worker.,Other,23840.0
2022-05-29,Style real far.,Entertainment,100361.0
2022-05-29,Grow laugh.,Health & Fitness,52208.0
2022-05-30,Score night down.,Salary,92705.0
2022-05-30,Unit hold.,Health & Fitness,34684.0
2022-05-31,Approach season data than team.,Salary,37626.0
2022-06-01,Treatment relate positive.,Food & Drink,105265.0
2022-06-01,Cultural right cover large work.,Rent,189092.0
2022-06-04,While same budget.,Food & Drink,83066.0
2022-06-04,Evidence enough claim suffer.,Entertainment,14526.0
2022-06-06,Letter visit always up.,Investment,46420.0
2022-06-07,Past product make of group.,Food & Drink,123949.0
2022-06-07,Detail contain attention measure indeed.,Salary,132198.0
2022-06-11,Begin determine degree forward.,Other,5970.0
2022-06-11,Despite sell most.,Other,48880.0
2022-06-12,Boy generation.,Food & Drink,100941.0
2022-06-12,Truth during always those high.,Shopping,161427.0
2022-06-12,Either rich agency might.,Rent,183692.0
2022-06-13,Sort knowledge analysis together court.,Entertainment,39194.0
2022-06-17,Way cold.,Health & Fitness,54198.0
2022-06-17,Account assume prove similar ten.,Health & Fitness,19190.0
2022-06-18,Day stock.,Entertainment,198056.0
2022-06-19,Section child.,Rent,131093.0
2022-06-20,Also available concern edge.,Food & Drink,19607.0
2022-06-21,Start treat imagine later identify.,Salary,12167.0
2022-06-21,Hope brother.,Investment,11770.0
2022-06-23,As second animal summer group.,Shopping,129337.0
2022-06-23,Face rate.,Rent,179063.0
2022-06-25,She join house.,Entertainment,43072.0
2022-06-25,Choose detail section someone.,Salary,54948.0
2022-06-26,Whether century quality.,Travel,179963.0
2022-06-26,Network never.,Food & Drink,36692.0
2022-06-30,Above others.,Food & Drink,192332.0
2022-07-01,Water fight security tough gas.,Shopping,185846.0
2022-07-02,Central contain pattern education boy.,Entertainment,113772.0
2022-07-04,Surface usually.,Health & Fitness,77385.0
2022-07-04,Popular available public economy.,Rent,100658.0
2022-07-04,Maintain former campaign pretty beyond.,Food & Drink,20439.0
2022-07-05,Fish late pattern.,Rent,68778.0
2022-07-06,Charge note space when collection.,Shopping,193815.0
2022-07-13,Size republican political.,Travel,156926.0
2022-07-17,Care run there leg.,Entertainment,71806.0
2022-07-17,Main board population.,Shopping,37962.0
2022-07-17,Teach cause mrs.,Shopping,18053.0
2022-07-18,Baby away affect medical all.,Entertainment,142909.0
2022-07-18,If operation trade necessary myself.,Investment,36120.0
2022-07-19,President chance hotel through.,Utilities,148191.0
2022-07-20,Let member however.,Rent,19213.0
2022-07-22,Production summer.,Salary,72624.0
2022-07-25,Cell city not not the.,Utilities,18372.0
2022-07-27,Voice american seven discussion.,Shopping,21555.0
2022-07-27,Doctor protect military social.,Investment,31570.0
2022-07-27,Truth thing always possible.,Food & Drink,59078.0
2022-07-27,Plant event score official now.,Rent,145244.0
2022-07-28,Half president structure might.,Entertainment,11482.0
2022-07-28,Might good test.,Other,18880.0
2022-07-29,Thought according think key.,Other,26980.0
2022-07-30,Method exactly.,Rent,34274.0
2022-07-31,Church own stage.,Travel,97362.0
2022-08-02,Specific result loss long.,Other,25200.0
2022-08-02,Claim street against amount of.,Salary,119167.0
2022-08-03,Picture always occur.,Investment,16090.0
2022-08-04,Election conference when.,Shopping,67111.0
2022-08-06,These road.,Health & Fitness,88604.0
2022-08-07,Describe paper.,Utilities,60787.0
2022-08-12,Color store over some.,Entertainment,96323.0
2022-08-13,Process enough right garden law.,Other,31140.0
2022-08-15,Her car admit.,Salary,193585.0
2022-08-15,Range step painting concern.,Health & Fitness,75835.0
2022-08-16,Me brother lot candidate owner.,Shopping,73638.0
2022-08-16,Miss have analysis morning.,Entertainment,118853.0
2022-08-17,Smile high open scientist.,Food & Drink,190648.0
2022-08-18,International effort.,Entertainment,88253.0
2022-08-19,Exist theory.,Rent,163974.0
2022-08-21,Country remember smile.,Shopping,134923.0
2022-08-21,Brother according pressure reach firm.,Other,24820.0
2022-08-22,Choice prepare.,Utilities,143332.0
2022-08-22,Talk interest hand.,Rent,90364.0
2022-08-23,Sense including six lot.,Shopping,107339.0
2022-08-24,Never effect fill general relationship.,Shopping,109185.0
2022-08-26,Security land record.,Health & Fitness,140625.0
2022-08-26,Democrat hundred.,Rent,22765.0
2022-08-28,Pass range appear home player.,Health & Fitness,34101.0
2022-08-29,Likely outside because.,Shopping,193395.0
2022-08-30,He participant right.,Shopping,22083.0
2022-08-31,Prevent expert white arm similar.,Investment,46830.0
2022-08-31,Keep cut prevent sound.,Entertainment,8971.0
2022-09-01,Almost outside middle.,Utilities,69649.0
2022-09-02,College already dream a church.,Investment,29200.0
2022-09-03,Good house only military.,Rent,24098.0
2022-09-03,Near risk.,Utilities,70317.0
2022-09-03,Give white everybody paper create.,Entertainment,104702.0
2022-09-04,Above company media next me.,Rent,88195.0
2022-09-04,Sort what.,Health & Fitness,14368.0
2022-09-05,Economic kind help low during.,Investment,6850.0
2022-09-06,Race to television loss.,Rent,135751.0
2022-09-07,Him small.,Investment,47270.0
2022-09-08,Son include good.,Investment,32110.0
2022-09-10,Red enjoy.,Salary,47139.0
2022-09-11,Human see.,Utilities,38091.0
2022-09-11,Never condition.,Shopping,6809.0
2022-09-12,Despite off consumer second.,Entertainment,90465.0
2022-09-14,Say dog drug enter.,Food & Drink,141242.0
2022-09-15,Strong student green.,Rent,115892.0
2022-09-15,Turn put professional.,Utilities,73793.0
2022-09-17,When summer he firm together.,Investment,26490.0
2022-09-18,Make worker trouble.,Salary,106015.0
2022-09-19,Develop office approach son.,Shopping,12265.0
2022-09-19,Allow girl team simply lead.,Health & Fitness,71045.0
2022-09-21,Least ready activity decision ok.,Utilities,162934.0
2022-09-23,Party employee nature down.,Travel,183818.0
2022-09-26,Gas contain interest industry sell.,Utilities,63324.0
2022-09-26,Evidence conference capital office.,Rent,37426.0
2022-09-28,Result sound.,Shopping,8423.0
2022-09-29,Task cultural son school.,Other,39650.0
2022-09-29,Computer matter.,Investment,18660.0
2022-09-30,Result size feel no nothing.,Utilities,38233.0
2022-10-01,Real art.,Food & Drink,173239.0
2022-10-02,Stuff benefit seat employee.,Salary,2817.0
2022-10-03,Newspaper special general in go.,Salary,82418.0
2022-10-04,Office power company sister great.,Salary,98251.0
2022-10-04,Simple land bad party.,Investment,23060.0
2022-10-05,What than political up instead.,Travel,45744.0
2022-10-08,Support author class direction.,Salary,113564.0
2022-10-10,Report painting house.,Salary,110396.0
2022-10-12,Security minute late cold.,Investment,26940.0
2022-10-12,Road product wait.,Health & Fitness,108867.0
2022-10-13,Cold billion as.,Salary,109724.0
2022-10-19,Approach side model you billion.,Rent,147462.0
2022-10-19,Pressure those.,Entertainment,60244.0
2022-10-20,Easy exist phone.,Salary,5330.0
2022-10-21,Stuff agreement professional team foot.,Rent,88375.0
2022-10-22,Window music evening know.,Entertainment,42766.0
2022-10-23,Opportunity lead see.,Health & Fitness,172349.0
2022-10-25,Model police finally girl.,Shopping,3403.0
2022-10-28,Source kind hand.,Investment,21950.0
2022-10-30,Field a spring.,Health & Fitness,106924.0
2022-10-31,Expert movement reach man.,Utilities,65407.0
2022-11-03,Across involve fall.,Travel,114974.0
2022-11-04,Nature country.,Rent,27982.0
2022-11-05,House clear say hope.,Shopping,183835.0
2022-11-07,Enjoy instead dream.,Utilities,140584.0
2022-11-07,Possible mother especially.,Investment,31380.0
2022-11-09,Consumer face.,Shopping,98402.0
2022-11-10,Laugh red man fly charge.,Travel,125935.0
2022-11-13,Control bill.,Rent,127092.0
2022-11-14,Resource road do.,Rent,81167.0
2022-11-14,Management game.,Health & Fitness,91484.0
2022-11-15,Your less social form.,Food & Drink,173913.0
2022-11-17,Entire hotel.,Rent,146455.0
2022-11-17,Consider time economic high.,Health & Fitness,170171.0
2022-11-18,Window research his.,Shopping,44348.0
2022-11-19,Scene almost leave.,Entertainment,99448.0
2022-11-21,Program decade home which view.,Travel,68213.0
2022-11-22,Rock seat near business loss.,Salary,157872.0
2022-11-26,Growth appear project.,Food & Drink,10143.0
2022-11-26,Plan foot cold.,Salary,424.0
2022-11-28,Build smile across among situation.,Utilities,88816.0
2022-11-28,Choice side eat matter rather.,Other,21570.0
2022-12-01,Art green child movie blue.,Utilities,176547.0
2022-12-03,First next popular.,Travel,19575.0
2022-12-04,Run again help right.,Rent,74997.0
2022-12-05,Magazine join.,Utilities,11306.0
2022-12-05,Recent couple cost girl run.,Entertainment,86417.0
2022-12-07,Trial never attention choice fast.,Investment,5080.0
2022-12-12,Happen a point here control.,Rent,27407.0
2022-12-13,Task simply draw return probably.,Salary,2848.0
2022-12-15,Couple raise she child.,Rent,197643.0
2022-12-16,Important focus benefit probably.,Utilities,96062.0
2022-12-18,Condition all blood.,Rent,146422.0
2022-12-22,All politics.,Other,35110.0
2022-12-28,Moment red eight hand.,Utilities,77161.0
2022-12-30,Us decade.,Utilities,128674.0
2022-12-31,Life police.,Rent,106571.0
2023-01-03,Sea three state some around.,Investment,41050.0
2023-01-04,American audience fight war whether.,Entertainment,125988.0
2023-01-04,Rise mother.,Other,41240.0
2023-01-06,Moment eat personal.,Rent,179422.0
2023-01-09,See indeed black police group.,Investment,36450.0
2023-01-10,Third coach congress husband.,Shopping,63586.0
2023-01-11,Move outside value.,Other,11900.0
2023-01-13,Yard foot he share issue.,Travel,156015.0
2023-01-15,Drive nation heart nearly season.,Travel,41884.0
2023-01-16,Language however risk work.,Entertainment,149821.0
2023-01-17,Career three according worker democrat.,Food & Drink,156977.0
2023-01-18,Sign wall.,Entertainment,99483.0
2023-01-19,Memory number occur behind leave.,Other,10810.0
2023-01-19,Enter threat economic.,Food & Drink,19739.0
2023-01-19,Begin hundred truth.,Utilities,77981.0
2023-01-19,Society common stay ready.,Shopping,73717.0
2023-01-19,Organization feel.,Salary,190936.0
2023-01-20,Bad argue side girl.,Food & Drink,117885.0
2023-01-21,Us building side section.,Investment,8260.0
2023-01-21,Him fight american music change.,Shopping,101816.0
2023-01-22,Check purpose young.,Shopping,85291.0
2023-01-23,Offer bed it skill challenge.,Utilities,56216.0
2023-01-23,Live seat.,Entertainment,194888.0
2023-01-23,Energy huge its recently.,Other,37000.0
2023-01-24,Nice maintain present cultural.,Rent,62724.0
2023-01-24,Drug entire involve.,Entertainment,12523.0
2023-01-24,Both including.,Other,14500.0
2023-01-24,Couple general pretty show.,Food & Drink,62549.0
2023-01-24,Pattern wrong kind certainly.,Utilities,24769.0
2023-01-24,Current health serious.,Food & Drink,33603.0
2023-01-25,Science drug.,Travel,34226.0
2023-01-26,Add really born.,Other,14670.0
2023-01-27,Age decade mrs data.,Food & Drink,67667.0
2023-01-27,Nature performance yeah.,Rent,53327.0
2023-01-28,On professional analysis color.,Rent,99733.0
2023-01-29,Smile peace apply.,Food & Drink,100422.0
2023-01-29,Home even.,Health & Fitness,32305.0
2023-01-30,Affect test.,Rent,46452.0
2023-01-31,Woman meet report.,Food & Drink,171879.0
2023-01-31,Term mother cost may.,Investment,43640.0
2023-02-01,Unit again easy morning four.,Utilities,36613.0
2023-02-02,Adult range green.,Food & Drink,11102.0
2023-02-03,You without every.,Shopping,45679.0
2023-02-06,Election hit yourself wrong want.,Health & Fitness,5498.0
2023-02-07,Charge today prevent.,Other,14780.0
2023-02-07,Minute question their rather.,Food & Drink,3669.0
2023-02-08,Of interview fine.,Food & Drink,190862.0
2023-02-08,My deal catch must.,Other,28120.0
2023-02-09,Finally relate model.,Travel,66133.0
2023-02-12,Yet wish certain usually.,Food & Drink,74415.0
2023-02-13,Attack mouth rest contain.,Travel,148176.0
2023-02-15,She they.,Health & Fitness,118746.0
2023-02-16,Field seat start pm.,Entertainment,14676.0
2023-02-18,Single blood continue.,Entertainment,30963.0
2023-02-20,Note discuss discussion reach grow.,Food & Drink,47367.0
2023-02-20,Maybe painting republican.,Food & Drink,190247.0
2023-02-22,System man case.,Other,30190.0
2023-02-22,Allow share address.,Investment,39390.0
2023-02-24,Development provide dark daughter.,Food & Drink,194539.0
2023-02-26,Term majority foot leader.,Other,12620.0
2023-02-26,If among save herself.,Investment,47570.0
2023-02-26,Particularly score order modern.,Health & Fitness,92233.0
2023-02-28,Body lead there there early.,Rent,10158.0
2023-03-03,Worker always hold share.,Shopping,15891.0
2023-03-03,Fact huge fight.,Shopping,132826.0
2023-03-05,Coach family try ready.,Other,26380.0
2023-03-05,Stop later reveal both.,Shopping,140444.0
2023-03-05,Career including late condition opportunity.,Health & Fitness,91099.0
2023-03-07,Bed food possible represent.,Entertainment,28086.0
2023-03-08,Before relationship plant.,Rent,31927.0
2023-03-08,Religious risk window partner civil.,Other,30720.0
2023-03-08,Analysis color friend the.,Health & Fitness,192962.0
2023-03-08,Than condition republican.,Travel,93206.0
2023-03-10,Finally shoulder land.,Rent,32365.0
2023-03-10,Together whether about.,Food & Drink,43789.0
2023-03-12,Learn talk.,Utilities,19151.0
2023-03-13,Part management.,Health & Fitness,79853.0
2023-03-13,Process law kind over according.,Other,26310.0
2023-03-13,People newspaper stay.,Utilities,7185.0
2023-03-15,Challenge president already.,Salary,111635.0
2023-03-15,Study fear turn any indicate.,Rent,92947.0
2023-03-16,Public particularly reality.,Utilities,25169.0
2023-03-16,Concern lay often use behavior.,Investment,15700.0
2023-03-18,Happy her attack interview.,Other,35490.0
2023-03-18,Fall care.,Rent,116882.0
2023-03-21,Money modern receive partner.,Rent,5338.0
2023-03-22,Role pick would low read.,Other,15550.0
2023-03-23,Participant first moment yet.,Other,15030.0
2023-03-23,Pass market role.,Other,9140.0
2023-03-23,Space this discussion fact.,Other,37350.0
2023-03-24,Brother let.,Shopping,136959.0
2023-03-27,Son yourself increase.,Investment,20330.0
2023-03-29,Night point action cut.,Salary,176801.0
2023-03-30,So film media.,Investment,29170.0
2023-03-31,Box four.,Salary,13135.0
2023-03-31,Pattern ahead compare form full.,Utilities,84428.0
2023-04-01,Something population loss physical.,Entertainment,12652.0
2023-04-01,Leg sport until argue.,Food & Drink,197891.0
2023-04-04,North question new.,Health & Fitness,96457.0
2023-04-07,Officer forward trouble.,Health & Fitness,182623.0
2023-04-08,Wide exactly.,Shopping,54817.0
2023-04-09,Worker phone success number.,Investment,7400.0
2023-04-10,Organization ten seem.,Travel,1266.0
2023-04-10,Even beautiful.,Health & Fitness,153602.0
2023-04-13,Later week democratic few.,Utilities,20927.0
2023-04-15,Size sing tree kitchen.,Travel,107204.0
2023-04-16,Toward child future low.,Food & Drink,153046.0
2023-04-20,Simply century the.,Shopping,71606.0
2023-04-20,Day already hold.,Utilities,36044.0
2023-04-21,About usually.,Health & Fitness,182882.0
2023-04-22,Level animal minute probably.,Other,16640.0
2023-04-22,Officer fine.,Entertainment,167503.0
2023-04-23,Customer expert mother significant.,Salary,108883.0
2023-04-24,Chance event address.,Investment,12390.0
2023-04-25,Bill my near even wall.,Investment,6630.0
2023-05-02,Each author party full kitchen.,Food & Drink,67015.0
2023-05-02,Likely push.,Utilities,68811.0
2023-05-03,Approach interview condition other.,Other,9870.0
2023-05-05,Green forward cup serve speak.,Investment,14080.0
2023-05-05,Nothing behavior sort recognize.,Health & Fitness,192151.0
2023-05-05,Financial popular short like.,Shopping,117617.0
2023-05-07,Technology pay tree.,Health & Fitness,28154.0
2023-05-12,Record professor small.,Other,44910.0
2023-05-14,Maintain assume both long.,Utilities,141729.0
2023-05-14,Should page camera.,Health & Fitness,45424.0
2023-05-14,Stage someone for power.,Utilities,76298.0
2023-05-15,Leave opportunity draw during city.,Travel,26342.0
2023-05-15,At decade really issue.,Shopping,170301.0
2023-05-16,Skin name door production back.,Food & Drink,37234.0
2023-05-17,Boy other foot best.,Entertainment,12829.0
2023-05-18,Final image our.,Other,16520.0
2023-05-19,Management produce bed stage.,Rent,48361.0
2023-05-20,Serious produce.,Utilities,127601.0
2023-05-20,Factor past language day theory.,Health & Fitness,89879.0
2023-05-20,Some quickly truth view response.,Entertainment,138942.0
2023-05-22,Old particularly.,Rent,144362.0
2023-05-22,Summer system artist too.,Other,39370.0
2023-05-22,Reflect star.,Shopping,99123.0
2023-05-25,Technology tend.,Shopping,21184.0
2023-05-28,Reduce hour fish him.,Entertainment,33369.0
2023-05-29,Nation production little could.,Investment,29150.0
2023-05-29,Style child young prove.,Other,13570.0
2023-05-30,Author administration.,Investment,35750.0
2023-06-02,Window career case south.,Investment,49810.0
2023-06-03,Us perhaps lawyer interest star.,Rent,68252.0
2023-06-04,Difficult interesting account marriage.,Salary,141196.0
2023-06-05,Especially unit office almost.,Utilities,121856.0
2023-06-08,Low happy oil which bag.,Food & Drink,2115.0
2023-06-08,Let back three.,Entertainment,82447.0
2023-06-09,Line score whether.,Travel,132459.0
2023-06-09,Something fine apply gas sing.,Rent,10877.0
2023-06-10,Mention light safe inside.,Salary,31564.0
2023-06-10,Cold reason our.,Shopping,18438.0
2023-06-13,Employee picture official of prevent.,Salary,40735.0
2023-06-15,Agree machine camera baby six.,Investment,28900.0
2023-06-16,Past every either.,Salary,16891.0
2023-06-16,Company option character land space.,Shopping,94718.0
2023-06-17,Machine son television.,Travel,19136.0
2023-06-17,Whose other.,Utilities,74833.0
2023-06-19,Sell include himself produce.,Utilities,89709.0
2023-06-21,Official success approach.,Salary,53417.0
2023-06-22,Apply less.,Food & Drink,31075.0
2023-06-22,Live way two.,Rent,18056.0
2023-06-23,Raise hope enjoy most.,Shopping,19417.0
2023-06-25,Eye something.,Food & Drink,168319.0
2023-06-25,Which raise american truth.,Shopping,19316.0
2023-06-25,Particular present evening establish.,Salary,11497.0
2023-06-26,Pressure hospital significant.,Travel,16712.0
2023-06-30,Side mind question year finish.,Food & Drink,100918.0
2023-07-01,Story activity.,Utilities,24936.0
2023-07-02,Billion land detail exist cover.,Utilities,189863.0
2023-07-05,Begin voice prevent structure wear.,Investment,20780.0
2023-07-05,Beat painting heavy.,Other,11410.0
2023-07-06,To receive education.,Shopping,41182.0
2023-07-07,Police two.,Utilities,166988.0
2023-07-07,Realize property show either.,Rent,18318.0
2023-07-10,Since him four.,Health & Fitness,171468.0
2023-07-10,Western enough key.,Food & Drink,157524.0
2023-07-10,Particular condition man.,Shopping,23391.0
2023-07-10,Shoulder despite poor tree resource.,Investment,13650.0
2023-07-11,Authority number.,Rent,157363.0
2023-07-13,Affect marriage present a.,Health & Fitness,175701.0
2023-07-15,Entire record toward off.,Salary,114833.0
2023-07-15,Long identify road speech.,Utilities,55807.0
2023-07-15,Difficult his ready sister building.,Other,8170.0
2023-07-15,Four field area young.,Health & Fitness,138412.0
2023-07-15,Movement which ball least.,Other,27000.0
2023-07-16,Computer always his.,Food & Drink,68235.0
2023-07-17,Receive to piece.,Travel,56789.0
2023-07-18,Be plan same cause.,Rent,194527.0
2023-07-19,Rest or.,Travel,19487.0
2023-07-19,As music film move.,Health & Fitness,54615.0
2023-07-20,Already argue.,Rent,38399.0
2023-07-21,Brother southern project learn.,Shopping,148448.0
2023-07-23,Scientist do author.,Health & Fitness,164382.0
2023-07-25,President likely truth animal.,Utilities,14058.0
2023-07-26,Common anyone.,Shopping,27994.0
2023-07-27,Lay color.,Food & Drink,35574.0
2023-07-27,Box organization.,Entertainment,167558.0
2023-07-30,Source international.,Salary,11061.0
2023-08-01,Building range national focus.,Entertainment,55522.0
2023-08-04,Or friend.,Shopping,127447.0
2023-08-05,Center indeed recent.,Investment,24810.0
2023-08-07,Just understand american.,Salary,36339.0
2023-08-07,Partner sing administration main according.,Health & Fitness,69506.0
2023-08-09,Religious order.,Travel,150043.0
2023-08-09,Really society live camera.,Travel,6463.0
2023-08-10,Mission include visit.,Investment,23130.0
2023-08-10,Conference matter wear physical site.,Entertainment,54548.0
2023-08-11,Above dog brother morning.,Food & Drink,173061.0
2023-08-16,Gun seven music despite show.,Food & Drink,95345.0
2023-08-17,Apply both chance.,Investment,5690.0
2023-08-17,Computer prove amount population.,Travel,142835.0
2023-08-21,Itself free source.,Travel,85338.0
2023-08-22,Bit appear.,Health & Fitness,92341.0
2023-08-23,Citizen ahead method.,Travel,135762.0
2023-08-25,Return or for.,Shopping,117313.0
2023-08-27,Discover body direction down.,Other,28150.0
2023-08-30,Heart determine likely.,Rent,96866.0
2023-08-30,Three certain.,Travel,128478.0
2023-08-30,Hold carry rest.,Travel,131568.0
2023-08-30,Dark camera realize.,Travel,38484.0
2023-09-01,Carry surface learn.,Entertainment,180038.0
2023-09-01,Detail far church some.,Shopping,132446.0
2023-09-03,Wife talk beat tax majority.,Food & Drink,131425.0
2023-09-04,List leg address into their.,Travel,181475.0
2023-09-04,Its develop until watch.,Food & Drink,117022.0
2023-09-04,Individual analysis.,Entertainment,6929.0
2023-09-07,Almost most look something.,Salary,181399.0
2023-09-10,Manager bar send really.,Travel,169238.0
2023-09-11,Car fast positive.,Utilities,59463.0
2023-09-11,Look fight.,Travel,145312.0
2023-09-12,Section agency lawyer sign them.,Utilities,189438.0
2023-09-12,Smile have less.,Rent,45228.0
2023-09-13,Audience throw four allow international.,Travel,84674.0
2023-09-14,My some skin ball thing.,Health & Fitness,52851.0
2023-09-14,War push thousand book half.,Rent,94637.0
2023-09-14,Hand possible relate night.,Rent,94972.0
2023-09-15,Wonder draw box.,Investment,36260.0
2023-09-15,That reflect send set fly.,Shopping,11758.0
2023-09-16,Quite everyone as generation.,Utilities,198477.0
2023-09-16,Money but report question.,Salary,29502.0
2023-09-21,Later happy pull.,Utilities,156009.0
2023-09-21,Throughout leader bag.,Utilities,63369.0
2023-09-23,When baby clearly.,Other,27400.0
2023-09-24,Many themselves minute.,Utilities,11568.0
2023-09-28,Indicate radio use.,Investment,15600.0
2023-09-29,Information scene again country.,Shopping,81275.0
2023-10-03,Strong mind from.,Shopping,1929.0
2023-10-04,Pretty skin main program.,Health & Fitness,190064.0
2023-10-04,Knowledge fight car smile commercial.,Entertainment,4565.0
2023-10-05,Machine wife show.,Investment,23530.0
2023-10-06,Good lay coach.,Health & Fitness,63106.0
2023-10-08,Expect win stuff realize project.,Other,18680.0
2023-10-08,Draw american first.,Investment,29420.0
2023-10-08,Employee continue none alone.,Salary,145839.0
2023-10-09,Challenge large wish move.,Health & Fitness,87299.0
2023-10-09,Identify material.,Utilities,69204.0
2023-10-11,Until choose wife national.,Health & Fitness,150273.0
2023-10-13,Positive far time wide.,Other,6560.0
2023-10-14,Son rock two.,Utilities,43027.0
2023-10-14,Rule too.,Investment,15080.0
2023-10-15,Bring agent pay detail group.,Food & Drink,75663.0
2023-10-15,Part crime.,Food & Drink,119191.0
2023-10-16,Sit short cultural.,Investment,6610.0
2023-10-17,Support quality whatever wish hour.,Investment,39140.0
2023-10-17,Owner memory argue project.,Rent,109909.0
2023-10-27,Respond into history.,Utilities,41893.0
2023-10-27,General final knowledge.,Food & Drink,60922.0
2023-10-29,Democratic thousand.,Travel,124937.0
2023-10-30,Eye south wife interest.,Shopping,16630.0
2023-10-30,Structure our century.,Investment,28150.0
2023-11-04,Write moment friend value.,Investment,45770.0
2023-11-05,According police.,Investment,26540.0
2023-11-08,Company left nothing trip.,Entertainment,72226.0
2023-11-08,Strategy face make.,Utilities,8842.0
2023-11-08,Fight nice less agree able.,Entertainment,137953.0
2023-11-09,What strong line.,Entertainment,1545.0
2023-11-09,Conference trade population agreement.,Rent,167211.0
2023-11-11,Yes at seat ok.,Utilities,18994.0
2023-11-11,Than physical live reason.,Rent,144989.0
2023-11-13,Mention offer suddenly clear.,Other,23930.0
2023-11-14,Floor there career.,Travel,53561.0
2023-11-14,Evening information.,Investment,8230.0
2023-11-15,Face morning.,Health & Fitness,160518.0
2023-11-17,Create physical share out cold.,Rent,19905.0
2023-11-18,Step rate feeling rate.,Food & Drink,2925.0
2023-11-21,Move goal.,Investment,31920.0
2023-11-21,Carry example.,Salary,191063.0
2023-11-22,Future treat bill choice.,Rent,75152.0
2023-11-23,Somebody next ready.,Rent,80755.0
2023-11-23,Republican reduce sort individual trouble.,Travel,167306.0
2023-11-26,Type look find.,Salary,16018.0
2023-11-26,Stage threat our.,Utilities,23498.0
2023-11-26,Report agreement sport.,Food & Drink,196332.0
2023-11-26,Task central dinner.,Rent,8379.0
2023-11-27,Candidate bad real.,Salary,37071.0
2023-11-27,Affect machine.,Health & Fitness,12266.0
2023-11-28,Cultural allow.,Utilities,97133.0
2023-11-28,Arrive budget education at property.,Shopping,88697.0
2023-11-29,Turn day top.,Other,6010.0
2023-12-05,Ahead certainly second everyone.,Entertainment,195601.0
2023-12-05,Goal talk sit party.,Health & Fitness,104301.0
2023-12-06,Attention standard shake more respond.,Rent,87137.0
2023-12-08,Top mr wind.,Salary,69804.0
2023-12-09,Turn surface listen.,Shopping,30582.0
2023-12-09,Pull blue strong wonder.,Food & Drink,3317.0
2023-12-10,Method imagine seven.,Salary,170522.0
2023-12-11,Letter mind many.,Rent,150535.0
2023-12-13,News american foreign.,Health & Fitness,194059.0
2023-12-14,Exist outside find wish.,Investment,36010.0
2023-12-14,Network fact talk.,Entertainment,16687.0
2023-12-18,Thus sort.,Salary,18516.0
2023-12-20,Actually purpose public.,Health & Fitness,24623.0
2023-12-21,Mission put budget house.,Food & Drink,21426.0
2023-12-22,Ask window full.,Food & Drink,165356.0
2023-12-23,Do interesting material.,Travel,178132.0
2023-12-25,Event smile popular hundred live.,Salary,190121.0
2023-12-26,Memory challenge lawyer business.,Food & Drink,163501.0
2023-12-27,Discuss wall ahead scene.,Health & Fitness,11247.0
2023-12-29,Question will him quickly.,Salary,143615.0
2023-12-29,Perform benefit baby.,Salary,23691.0
2023-12-29,Society dark product make.,Entertainment,1437.0
2024-01-02,Gas teacher national weight all.,Travel,10999.0
2024-01-02,Himself fire heavy.,Rent,1011.0
2024-01-04,Allow news.,Investment,38520.0
2024-01-04,Man care resource.,Investment,20360.0
2024-01-07,Notice make.,Other,22660.0
2024-01-09,Occur live take media hot.,Entertainment,143641.0
2024-01-09,Wife pay good within fly.,Other,8800.0
2024-01-10,And student give score agree.,Rent,154657.0
2024-01-11,Best generation group goal.,Utilities,192807.0
2024-01-11,Doctor fine be.,Investment,40450.0
2024-01-11,Boy college mrs.,Salary,18495.0
2024-01-12,Price institution method inside.,Utilities,138672.0
2024-01-13,Onto worry help hope.,Investment,13480.0
2024-01-14,Space beyond.,Health & Fitness,101318.0
2024-01-15,Market specific property coach.,Entertainment,55446.0
2024-01-16,Wide cut player wind.,Travel,91116.0
2024-01-16,Degree enter father of source.,Other,46960.0
2024-01-16,Behind front attack song little.,Health & Fitness,142663.0
2024-01-17,Somebody prepare few sound.,Entertainment,40977.0
2024-01-19,Finish increase economy middle public.,Travel,137636.0
2024-01-19,Thing physical might.,Utilities,196286.0
2024-01-19,Material produce station visit environmental.,Utilities,101275.0
2024-01-19,Table trade various risk art.,Health & Fitness,14236.0
2024-01-20,Leg drive second she.,Salary,116978.0
2024-01-22,Five store ask data.,Shopping,135174.0
2024-01-23,Statement position either.,Travel,175618.0
2024-01-24,Draw change agree someone.,Food & Drink,105023.0
2024-01-25,Magazine yard instead town.,Investment,9340.0
2024-01-26,Evening ahead smile.,Entertainment,54129.0
2024-01-26,Compare system white magazine after.,Travel,136995.0
2024-01-26,Own test too imagine.,Investment,29170.0
2024-01-27,However style.,Food & Drink,72378.0
2024-01-28,Born same usually.,Entertainment,14874.0
2024-01-30,Wear use edge this draw.,Entertainment,102674.0
2024-02-01,Forget once hope security.,Travel,138894.0
2024-02-06,Design blood degree ever.,Other,36740.0
2024-02-07,Television argue mouth.,Health & Fitness,193201.0
2024-02-07,Nation little east everyone.,Other,21630.0
2024-02-10,Little happy final population.,Salary,166167.0
2024-02-10,Real small.,Health & Fitness,151266.0
2024-02-10,Need finally when.,Entertainment,155453.0
2024-02-14,Movement door kind.,Travel,90314.0
2024-02-14,Until truth feeling view.,Rent,38208.0
2024-02-15,Decision three trouble.,Investment,35900.0
2024-02-16,Smile ever bag single.,Other,26640.0
2024-02-17,Say unit four institution.,Other,5460.0
2024-02-19,Recognize media goal.,Utilities,8948.0
2024-02-21,Law agree appear political.,Food & Drink,154959.0
2024-02-21,Able customer figure.,Travel,9862.0
2024-02-21,Book economic.,Health & Fitness,15503.0
2024-02-22,Rate society floor long same.,Entertainment,191441.0
2024-02-23,Reach step son.,Utilities,8377.0
2024-02-23,Increase consider.,Rent,70531.0
2024-02-24,Difference way type positive phone.,Health & Fitness,66882.0
2024-02-24,Cup red collection husband.,Salary,19933.0
2024-02-25,Employee become happy water bring.,Food & Drink,2383.0
2024-02-27,Significant up still management.,Entertainment,180995.0
2024-02-27,Course technology site.,Entertainment,19182.0
2024-02-27,High issue deal democratic.,Health & Fitness,76893.0
2024-02-28,Industry impact certainly.,Rent,77789.0
2024-02-29,Dog late eat.,Travel,5916.0
2024-03-02,Beat light the window.,Health & Fitness,103348.0
2024-03-03,Require remain save.,Salary,9726.0
2024-03-05,Believe arrive.,Entertainment,64742.0
2024-03-05,Likely great paper.,Investment,18710.0
2024-03-06,Effect people.,Food & Drink,12576.0
2024-03-06,Provide car throughout american.,Entertainment,173125.0
2024-03-06,College manage fund.,Rent,4191.0
2024-03-07,Bed report item.,Shopping,129666.0
2024-03-07,Finish without.,Utilities,5727.0
2024-03-08,Security unit executive.,Food & Drink,18417.0
2024-03-11,Stop unit might job close.,Other,10770.0
2024-03-13,New type pm.,Entertainment,182286.0
2024-03-15,Country approach.,Salary,126413.0
2024-03-16,Like clear.,Food & Drink,78511.0
2024-03-18,Break time manager kid.,Investment,10180.0
2024-03-26,Leader both rest challenge.,Food & Drink,140476.0
2024-03-27,Data exist.,Investment,28740.0
2024-03-28,State none production defense your.,Travel,121707.0
2024-03-29,Short congress turn east marriage.,Salary,76901.0
2024-03-30,Ago race quite hour.,Food & Drink,95324.0
2024-03-30,Child ball store process.,Utilities,149604.0
2024-04-03,Western order accept wide prevent.,Travel,192067.0
2024-04-04,Water yourself trade someone.,Other,5910.0
2024-04-06,Tell soon executive.,Utilities,25524.0
2024-04-07,Natural own.,Other,49000.0
2024-04-08,Effort drive side human.,Rent,61634.0
2024-04-09,Clear single expect.,Health & Fitness,43136.0
2024-04-09,Fear song save.,Utilities,3303.0
2024-04-10,Capital program story mention majority.,Travel,39671.0
2024-04-10,Environmental outside bed institution.,Investment,49960.0
2024-04-11,Control piece behavior message wind.,Rent,5884.0
2024-04-13,Us money positive.,Investment,21170.0
2024-04-16,Life bad soon.,Salary,190356.0
2024-04-17,Worker range feel.,Entertainment,20909.0
2024-04-17,Into notice necessary true message.,Entertainment,64239.0
2024-04-17,Including let result spend.,Travel,138998.0
2024-04-18,One shoulder administration.,Other,30910.0
2024-04-20,Skill successful and.,Utilities,1962.0
2024-04-21,Finish right serious.,Entertainment,142728.0
2024-04-22,Space game truth special decision.,Travel,168182.0
2024-04-23,Else pull its adult house.,Other,44310.0
2024-04-25,Pretty least if.,Health & Fitness,155179.0
2024-04-26,Peace wind guess.,Rent,35978.0
2024-04-26,Because career course.,Travel,171884.0
2024-04-30,Teacher decide possible.,Investment,26560.0
2024-05-02,Success teach mrs beat.,Rent,145758.0
2024-05-03,Listen against coach.,Food & Drink,162716.0
2024-05-04,White likely teacher one.,Entertainment,181354.0
2024-05-04,Notice street anything.,Salary,131128.0
2024-05-05,Piece require.,Other,23290.0
2024-05-05,Say other never fact.,Travel,27642.0
2024-05-14,Main opportunity particularly question.,Rent,7996.0
2024-05-15,Research month instead.,Entertainment,169748.0
2024-05-17,As throughout individual list manager.,Utilities,151684.0
2024-05-20,Recently again explain court.,Investment,19670.0
2024-05-22,Discussion detail training fund.,Utilities,147448.0
2024-05-23,Third rich hospital.,Health & Fitness,9044.0
2024-05-25,Somebody son suddenly perform.,Entertainment,13509.0
2024-05-26,Project can.,Food & Drink,134049.0
2024-05-27,Paper beyond indeed.,Health & Fitness,78231.0
2024-05-27,Doctor news yourself.,Food & Drink,8941.0
2024-05-31,Ground city still.,Rent,141044.0
2024-06-01,Southern front.,Travel,16714.0
2024-06-02,Dinner no main year size.,Utilities,75955.0
2024-06-02,Environment character real middle prove.,Rent,103816.0
2024-06-03,Sometimes while sense window.,Entertainment,103758.0
2024-06-04,Among black picture that treat.,Health & Fitness,97885.0
2024-06-06,Remain seven marriage.,Food & Drink,100866.0
2024-06-07,Positive free case.,Investment,23840.0
2024-06-09,Wide shoulder according strong.,Other,22320.0
2024-06-10,Expert commercial entire resource.,Investment,34670.0
2024-06-12,Picture early send morning.,Rent,132561.0
2024-06-13,Soon including important.,Health & Fitness,144331.0
2024-06-13,Some gun ahead certainly act.,Salary,96325.0
2024-06-14,Be fire.,Shopping,5467.0
2024-06-15,Article service produce political.,Investment,16030.0
2024-06-16,Within woman.,Food & Drink,178269.0
2024-06-17,Information though red.,Investment,26150.0
2024-06-21,Training account evidence month.,Shopping,120272.0
2024-06-21,Land day name small.,Food & Drink,175823.0
2024-06-22,Thought sit identify culture.,Travel,189504.0
2024-06-23,Already free.,Salary,173593.0
2024-06-23,Yeah exist behavior necessary miss.,Other,16690.0
2024-06-23,Agreement someone.,Utilities,125019.0
2024-06-23,Strategy fight institution.,Utilities,145113.0
2024-06-23,Rule success.,Salary,11971.0
2024-07-01,Medical buy series walk large.,Other,36570.0
2024-07-05,Law work.,Investment,21570.0
2024-07-06,Research visit program suddenly doctor.,Shopping,165476.0
2024-07-07,Project spring of.,Utilities,95698.0
2024-07-07,Mind easy foreign old.,Food & Drink,175673.0
2024-07-07,Better republican stock bank.,Rent,19545.0
2024-07-07,Thousand live land hard.,Food & Drink,179497.0
2024-07-13,Open million house enough.,Shopping,104887.0
2024-07-13,You ready way rule.,Food & Drink,139831.0
2024-07-16,Certain camera represent.,Salary,158122.0
2024-07-20,Tell brother defense list second.,Rent,85672.0
2024-07-21,Tv budget system book.,Entertainment,182107.0
2024-07-22,Face mission brother figure hear.,Other,26110.0
2024-07-23,Agreement central six instead.,Investment,47800.0
2024-07-23,Democratic standard major.,Investment,35720.0
2024-07-25,Give that individual of not.,Health & Fitness,8236.0
2024-07-26,Little result paper seven.,Other,25770.0
2024-07-26,Seven project chance road.,Shopping,113369.0
2024-07-26,Professor important do house must.,Shopping,151239.0
2024-07-26,Position tend religious.,Salary,36565.0
2024-07-27,Someone religious night buy nice.,Salary,51502.0
2024-07-27,My serious whatever miss seek.,Health & Fitness,155065.0
2024-07-27,Build view.,Utilities,171145.0
2024-07-28,Ever day.,Entertainment,89872.0
2024-07-28,Be move fly open.,Utilities,20955.0
2024-07-29,Future congress.,Health & Fitness,16037.0
2024-07-29,Fish either boy between collection.,Food & Drink,32987.0
2024-07-29,Eight bed fill.,Food & Drink,16107.0
2024-07-30,Arrive which consider.,Salary,185246.0
2024-07-30,Hope floor include.,Rent,53355.0
2024-08-01,Heart still building.,Food & Drink,145174.0
2024-08-02,Sell only manage.,Shopping,123179.0
2024-08-02,We especially five network.,Food & Drink,189197.0
2024-08-03,Ahead plant trial affect.,Salary,88355.0
2024-08-03,Push east never size fight.,Travel,39755.0
2024-08-08,Base player data whose.,Entertainment,123423.0
2024-08-09,World site mr interest treatment.,Health & Fitness,48612.0
2024-08-11,A let.,Investment,12110.0
2024-08-14,A value lot.,Shopping,71272.0
2024-08-14,Yourself successful defense subject.,Entertainment,104031.0
2024-08-14,Claim move.,Rent,183916.0
2024-08-15,Bed recognize store.,Health & Fitness,70148.0
2024-08-22,There decision measure.,Entertainment,121666.0
2024-08-23,Play woman remain event.,Other,5380.0
2024-08-25,Decision where foreign trial.,Shopping,101741.0
2024-08-25,Participant above.,Travel,68653.0
2024-08-25,Including time reflect.,Other,49060.0
2024-08-27,Ball theory prepare much throughout.,Travel,139144.0
2024-08-27,Good spend still.,Salary,154223.0
2024-08-28,Concern should recent across.,Salary,136637.0
2024-08-28,View know develop after.,Food & Drink,96912.0
2024-08-28,Course staff personal space.,Shopping,127099.0
2024-08-30,Woman whose already.,Entertainment,160232.0
2024-09-01,Decide cultural start how thank.,Health & Fitness,103784.0
2024-09-02,Management necessary process not.,Other,25330.0
2024-09-05,Assume campaign assume.,Shopping,135066.0
2024-09-05,Talk thing rock ever summer.,Rent,111356.0
2024-09-05,Pass quite third ability interview.,Other,33960.0
2024-09-05,Item yet ever quite.,Travel,37374.0
2024-09-06,Guess service this different.,Entertainment,100301.0
2024-09-07,Mother first hot free.,Investment,26740.0
2024-09-08,Wrong difficult.,Entertainment,167153.0
2024-09-10,True culture.,Health & Fitness,32043.0
2024-09-13,As personal agreement.,Investment,45350.0
2024-09-15,Or phone.,Food & Drink,169754.0
2024-09-16,East list when.,Health & Fitness,98976.0
2024-09-17,Mind door authority outside.,Travel,9867.0
2024-09-17,Personal often.,Travel,80178.0
2024-09-17,True help.,Utilities,11775.0
2024-09-18,Artist sort area.,Salary,187991.0
2024-09-21,Big argue.,Other,37250.0
2024-09-22,Sure i pay.,Utilities,91982.0
2024-09-23,Ten skin perhaps.,Other,30850.0
2024-09-24,Less into per big.,Food & Drink,135147.0
2024-09-25,Military onto blue activity.,Rent,65762.0
2024-09-26,Smile cover of pm eight.,Travel,38243.0
2024-09-26,Right know during someone.,Travel,94798.0
2024-09-27,Find job where.,Health & Fitness,37599.0
2024-09-27,On must certainly.,Shopping,140442.0
2024-10-01,Owner fact wife.,Shopping,56646.0
2024-10-01,Price certain down standard nice.,Investment,23720.0
2024-10-02,Gas with policy cut.,Travel,161013.0
2024-10-02,Country little reality level.,Shopping,40017.0
2024-10-03,Not friend federal forget bit.,Utilities,95124.0
2024-10-04,Detail about development discover.,Other,45920.0
2024-10-04,Lose shoulder spring.,Other,44860.0
2024-10-07,Hundred step according.,Food & Drink,80282.0
2024-10-08,Group never.,Food & Drink,43878.0
2024-10-09,Key place tree.,Rent,90521.0
2024-10-10,Wish current.,Health & Fitness,72701.0
2024-10-10,Despite energy company.,Travel,69484.0
2024-10-11,Condition again successful.,Health & Fitness,173606.0
2024-10-12,Story case.,Entertainment,115794.0
2024-10-15,Very figure drive special.,Utilities,195895.0
2024-10-17,With young think there assume.,Health & Fitness,134965.0
2024-10-17,Some court her.,Salary,178037.0
2024-10-18,Outside with each animal.,Travel,93287.0
2024-10-19,Take family chance.,Utilities,128476.0
2024-10-19,Picture evidence.,Shopping,126623.0
2024-10-21,Why though decide bank likely.,Rent,16743.0
2024-10-21,Meet seem population.,Health & Fitness,64059.0
2024-10-21,Material less focus hear.,Travel,121472.0
2024-10-23,Listen ok point so.,Salary,156414.0
2024-10-24,Detail data tell.,Salary,83384.0
2024-10-28,Fill thousand number.,Investment,15240.0
2024-11-01,Nearly care base.,Travel,188147.0
2024-11-02,Goal once let perform international.,Rent,42904.0
2024-11-03,Important source first him.,Rent,13695.0
2024-11-03,Doctor population grow bar.,Food & Drink,6247.0
2024-11-11,National back everybody direction budget.,Rent,21682.0
2024-11-11,National free.,Rent,131312.0
2024-11-12,Few spring raise.,Travel,46642.0
2024-11-13,Relationship your your.,Salary,12567.0
2024-11-13,Across federal state.,Investment,7340.0
2024-11-13,State serious activity pressure.,Other,31640.0
2024-11-13,Dinner rich decide do.,Salary,195021.0
2024-11-14,Serious reveal left social fine.,Travel,110161.0
2024-11-14,Show recently decide last.,Investment,42400.0
2024-11-16,Hear officer.,Shopping,105169.0
2024-11-17,Wall act special.,Travel,181876.0
2024-11-17,Different international sell several.,Entertainment,161137.0
2024-11-17,For age size.,Health & Fitness,83029.0
2024-11-17,With yes nothing.,Investment,5000.0
2024-11-18,Woman daughter hospital move.,Utilities,69433.0
2024-11-18,Board notice later thus.,Food & Drink,137866.0
2024-11-19,Bit need allow.,Salary,60622.0
2024-11-20,Cost attorney.,Travel,119804.0
2024-11-20,Day fact modern.,Health & Fitness,38526.0
2024-11-22,Happy action.,Shopping,79556.0
2024-11-23,Hospital writer can industry.,Other,35990.0
2024-11-24,Western tend candidate day.,Rent,85026.0
2024-11-24,City offer financial data.,Travel,57651.0
2024-11-24,Cut yard knowledge.,Travel,83168.0
2024-11-25,Space moment travel these least.,Utilities,28188.0
2024-11-25,Say explain.,Other,42090.0
2024-11-25,Red republican father party.,Salary,3837.0
2024-11-26,Eat tonight run leader.,Investment,48820.0
2024-11-29,Believe recognize analysis those citizen.,Investment,28110.0
2024-11-30,Project at risk.,Salary,145694.0
2024-12-02,In seven building hard.,Utilities,393.0
2024-12-05,Short for late education.,Shopping,63004.0
2024-12-06,Left available.,Health & Fitness,93273.0
2024-12-09,Gas human create also.,Health & Fitness,16964.0
2024-12-11,Remember carry.,Utilities,12152.0
2024-12-12,Leave bar prevent require.,Rent,109095.0
2024-12-12,Likely evidence claim.,Other,36250.0
2024-12-15,Beyond family movement hospital back.,Rent,194945.0
2024-12-16,Child group describe.,Shopping,154474.0
2024-12-19,Democratic recent student specific political.,Food & Drink,40637.0
2024-12-19,Real know our any.,Rent,104707.0
2024-12-21,Up hear draw.,Salary,78435.0
2024-12-23,Instead writer.,Health & Fitness,32564.0
2024-12-28,Quite as when.,Rent,51409.0
2024-12-28,Right analysis mention.,Entertainment,72725.0
2024-12-28,No couple debate must.,Investment,14250.0
2024-12-29,Discussion black follow.,Shopping,65578.0
2024-12-29,Pressure activity defense detail.,Other,14800.0
