description,category
Grocery shopping at Walmart,Food
Monthly rent payment,Rent
Netflix subscription,Entertainment
Electricity bill payment,Utilities
Uber to office,Transport
Dinner at restaurant,Food
Doctor visit and prescription,Health
Amazon purchase Shopping,Shopping
Online course fee,Education
Salary credit,Salary
Coffee and lunch,Food
Water bill,Utilities
Bus fare to city,Transport
Spotify subscription,Entertainment
Supermarket groceries,Food
Landlord rent,Rent
Gas station fuel,Transport
Pharmacy medicine,Health
Gym membership,Health
Movie tickets,Entertainment
Pizza delivery,Food
Internet bill,Utilities
Taxi ride,Transport
Books from bookstore,Education
Freelance payment received,Salary
Breakfast cafe,Food
Gas utility bill,Utilities
Train ticket,Transport
Netflix and chill,Entertainment
Weekly groceries,Food
Apartment rent,Rent
Car parking fee,Transport
Doctor consultation,Health
Electronics purchase,Shopping
University tuition,Education
Monthly salary,Salary
Lunch with colleagues,Food
Mobile recharge,Utilities
Metro card recharge,Transport
Concert tickets,Entertainment
Vegetables and fruits,Food
House rent,Rent
Oil change and car service,Transport
Hospital bill,Health
Clothing store,Shopping
Online certification,Education
Bonus payment,Salary
Fast food meal,Food
Cable TV bill,Utilities
Bike rental,Transport
Streaming subscription,Entertainment
Bakery and snacks,Food
Room rent,Rent
Flight booking,Transport
Dental checkup,Health
Furniture shopping,Shopping
Workshop fee,Education
Part-time income,Salary
Restaurant dinner,Food
Heating bill,Utilities
Subway fare,Transport
Video game purchase,Entertainment
Milk and bread,Food
Studio rent,Rent
Parking ticket,Transport
Vitamin supplements,Health
Gift purchase,Shopping
Language course,Education
Consulting fee,Salary
Food delivery order,Food
Sewage bill,Utilities
Lyft ride,Transport
Theater show,Entertainment
Farmers market,Food
Lease payment,Rent
Car wash,Transport
Physiotherapy,Health
Home decor,Shopping
Textbook purchase,Education
Overtime pay,Salary
Cafeteria lunch,Food
Trash collection fee,Utilities
Airport transfer,Transport
Museum entry,Entertainment
Kitchen supplies,Food
Rent deposit,Rent
Bicycle repair,Transport
Eye checkup,Health
Shoe store,Shopping
Training program,Education
Commission earned,Salary
Takeout food,Food
Solar panel bill,Utilities
Rideshare to meeting,Transport
Bowling night,Entertainment
Organic food store,Food
Monthly housing rent,Rent
Toll fee,Transport
Lab tests,Health
Department store,Shopping
Certification exam,Education
Dividend income,Salary
Sandwich and coffee,Food
Maintenance fee utilities,Utilities
Car rental,Transport
Theme park,Entertainment
Bulk groceries,Food
Tenant rent,Rent
Public transport pass,Transport
Medical insurance,Health
Online shopping,Shopping
MBA course fee,Education
Stocks dividend,Salary
Brunch outing,Food
Property tax,Utilities
Flight to conference,Transport
Cinema movie,Entertainment
Weekly market,Food
Rent for December,Rent
Petrol for car,Transport
Prescription drugs,Health
Black Friday sale,Shopping
Programming bootcamp,Education
Side hustle income,Salary
Street food,Food
Council tax,Utilities
Boat ferry,Transport
Karaoke night,Entertainment
Breakfast buffet,Food
Shared apartment rent,Rent
Scooter rental,Transport
Health screening,Health
Electronics sale,Shopping
Data science course,Education
Refund received,Salary
Food court meal,Food
Drainage charge,Utilities
Intercity bus,Transport
Comedy show,Entertainment
Dairy products,Food
Rent payment due,Rent
Parking meter,Transport
Specialist doctor,Health
Fashion outlet,Shopping
Webinar registration,Education
Gig economy pay,Salary
Lunch break food,Food
Standing charge utilities,Utilities
Cab to airport,Transport
Sports event ticket,Entertainment
Meal prep ingredients,Food
First month rent,Rent
Highway toll,Transport
Blood test,Health
Jewelry purchase,Shopping
Professional course,Education
Performance bonus,Salary
Snacks and beverages,Food
Green energy surcharge,Utilities
Shuttle service,Transport
Festival ticket,Entertainment
Butcher and fish,Food
Last month rent,Rent
Car maintenance,Transport
X-ray and scan,Health
Baby products,Shopping
MBA tuition,Education
Contract payment,Salary
Vending machine,Food
Renewable bill,Utilities
Commute expense,Transport
Gaming subscription,Entertainment
Catering order,Food
Rental agreement,Rent
Bike share,Transport
Emergency room,Health
Grocery delivery,Shopping
Short course fee,Education
Royalty income,Salary
Food truck,Food
Dual tariff utilities,Utilities
Park and ride,Transport
Live music event,Entertainment
Bulk buy groceries,Food
Lease renewal,Rent
EV charging,Transport
Health club,Health
Supermarket run,Shopping
Skill upgrade course,Education
Freelance project,Salary
Office cafeteria,Food
Smart meter bill,Utilities
Ola ride,Transport
Hobby class,Entertainment
Meal kit delivery,Food
Rent advance,Rent
Parking fine,Transport
Medical equipment,Health
Warehouse sale,Shopping
Executive education,Education
Consulting income,Salary
Dessert and coffee,Food
Prepaid electricity,Utilities
Car pool contribution,Transport
Zoo visit,Entertainment
Fresh produce,Food
Rent reminder,Rent
Bike lane fee,Transport
Dental surgery,Health
Outlet mall,Shopping
Online degree,Education
Project milestone pay,Salary
Hotel breakfast,Food
Winter heating,Utilities
Transit card,Transport
Escape room,Entertainment
Meat and poultry,Food
Rent auto debit,Rent
Vehicle registration,Transport
Health supplement,Health
Flash sale purchase,Shopping
Workshop attendance,Education
Tips received,Salary
Food and drinks,Food
Summer AC bill,Utilities
Commuter pass,Transport
Arcade games,Entertainment
Pantry staples,Food
Rent cheque,Rent
Road tax,Transport
Clinic visit,Health
Brand outlet,Shopping
Conference fee,Education
Incentive pay,Salary
Baker and pastry,Food
Quarterly utilities,Utilities
Chauffeur service,Transport
Concert venue,Entertainment
Organic vegetables,Food
Rent bank transfer,Rent
Fuel surcharge,Transport
Pharmacy run,Health
Clearance sale,Shopping
Seminar fee,Education
Hourly wage,Salary
Lunch special,Food
Meter reading bill,Utilities
Train season ticket,Transport
Stand-up comedy,Entertainment
Spices and oil,Food
Rent cash,Rent
Car insurance,Transport
Vaccination,Health
Thrift shop,Shopping
Bootcamp fee,Education
Advance payment,Salary
Breakfast meeting,Food
Fixed charge utilities,Utilities
Airport taxi,Transport
Theater play,Entertainment
Frozen food,Food
Rent online,Rent
Bike purchase,Transport
Annual checkup,Health
Mall shopping,Shopping
Diploma program,Education
Back pay,Salary
Canteen food,Food
Dual fuel bill,Utilities
Parking permit,Transport
Exhibition entry,Entertainment
Cereal and milk,Food
Rent payment,Rent
Transit fare,Transport
Mental health session,Health
Retail therapy,Shopping
Night class,Education
Overtime salary,Salary
Food parcel,Food
Estimated bill utilities,Utilities
Car share,Transport
Amusement park,Entertainment
Bulk cooking,Food
Monthly rent,Rent
Bike lane,Transport
Nutritionist,Health
Discount store,Shopping
Evening course,Education
Salary credit,Salary
Office lunch,Food
Final bill utilities,Utilities
Bus pass,Transport
Cinema snacks,Entertainment
Protein and supplements,Food
Rent due,Rent
Fuel fill,Transport
Physician visit,Health
Gift shop,Shopping
Course material,Education
Paycheck,Salary
Veggie market,Food
Utility payment,Utilities
Cab fare,Transport
Sports bar,Entertainment
Meal subscription,Food
Rent receipt,Rent
Parking lot,Transport
Hospital visit,Health
Book store,Shopping
Tuition fee,Education
Wage payment,Salary
Coffee shop,Food
Electric payment,Utilities
Ride share,Transport
Concert,Entertainment
Grocery run,Food
Rent,Rent
Gas fill,Transport
Doctor,Health
Shopping,Shopping
School fee,Education
Income,Salary
